item,year,month,day,views
Apple,2019,12,28,2458
Apple,2019,12,29,2659
Apple,2019,12,30,2849
Apple,2019,12,31,2589
Apple,2020,1,1,2579
Apple,2020,1,2,3078
Apple,2020,1,3,3034
Apple,2020,1,4,2820
Apple,2020,1,5,2939
Apple,2020,1,6,3172
Apple,2020,1,7,3481
Apple,2020,1,8,3295
Apple,2020,1,9,3444
Apple,2020,1,10,4269
Apple,2020,1,11,2777
Apple,2020,1,12,3145
Apple,2020,1,13,3527
Apple,2020,1,14,3426
Apple,2020,1,15,3403
Apple,2020,1,16,3323
Apple,2020,1,17,3184
Apple,2020,1,18,2569
Apple,2020,1,19,2890
Apple,2020,1,20,3087
Apple,2020,1,21,3311
Apple,2020,1,22,3211
Apple,2020,1,23,3314
Apple,2020,1,24,3070
Apple,2020,1,25,2652
Apple,2020,1,26,2697
Apple,2020,1,27,3107
Apple,2020,1,28,3367
Apple,2020,1,29,3309
Apple,2020,1,30,3350
Apple,2020,1,31,3056
Apple,2020,2,1,2567
Apple,2020,2,2,2862
Apple,2020,2,3,3343
Apple,2020,2,4,3673
Apple,2020,2,5,3482
Apple,2020,2,6,3363
Apple,2020,2,7,3092
Apple,2020,2,8,2822
Apple,2020,2,9,3151
Apple,2020,2,10,3360
Apple,2020,2,11,3430
Apple,2020,2,12,3373
Apple,2020,2,13,3490
Apple,2020,2,14,3108
Apple,2020,2,15,2814
Apple,2020,2,16,3141
Apple,2020,2,17,3514
Apple,2020,2,18,3973
Apple,2020,2,19,3741
Apple,2020,2,20,3489
Apple,2020,2,21,3388
Apple,2020,2,22,3079
Apple,2020,2,23,3294
Apple,2020,2,24,3607
Apple,2020,2,25,3869
Asparagus,2019,12,28,963
Asparagus,2019,12,29,969
Asparagus,2019,12,30,1094
Asparagus,2019,12,31,1114
Asparagus,2020,1,1,1023
Asparagus,2020,1,2,1169
Asparagus,2020,1,3,1105
Asparagus,2020,1,4,1287
Asparagus,2020,1,5,1237
Asparagus,2020,1,6,1126
Asparagus,2020,1,7,1179
Asparagus,2020,1,8,1113
Asparagus,2020,1,9,1180
Asparagus,2020,1,10,1087
Asparagus,2020,1,11,1023
Asparagus,2020,1,12,1223
Asparagus,2020,1,13,1143
Asparagus,2020,1,14,1158
Asparagus,2020,1,15,1095
Asparagus,2020,1,16,1112
Asparagus,2020,1,17,1122
Asparagus,2020,1,18,1092
Asparagus,2020,1,19,1186
Asparagus,2020,1,20,1221
Asparagus,2020,1,21,1154
Asparagus,2020,1,22,1170
Asparagus,2020,1,23,1167
Asparagus,2020,1,24,1022
Asparagus,2020,1,25,1123
Asparagus,2020,1,26,1053
Asparagus,2020,1,27,1115
Asparagus,2020,1,28,1188
Asparagus,2020,1,29,1184
Asparagus,2020,1,30,1198
Asparagus,2020,1,31,1001
Asparagus,2020,2,1,1130
Asparagus,2020,2,2,918
Asparagus,2020,2,3,940
Asparagus,2020,2,4,981
Asparagus,2020,2,5,936
Asparagus,2020,2,6,993
Asparagus,2020,2,7,863
Asparagus,2020,2,8,836
Asparagus,2020,2,9,1012
Asparagus,2020,2,10,960
Asparagus,2020,2,11,1055
Asparagus,2020,2,12,998
Asparagus,2020,2,13,972
Asparagus,2020,2,14,858
Asparagus,2020,2,15,1051
Asparagus,2020,2,16,1109
Asparagus,2020,2,17,1116
Asparagus,2020,2,18,1078
Asparagus,2020,2,19,1048
Asparagus,2020,2,20,970
Asparagus,2020,2,21,931
Asparagus,2020,2,22,914
Asparagus,2020,2,23,1111
Asparagus,2020,2,24,1142
Asparagus,2020,2,25,974
Avocado,2019,12,28,2466
Avocado,2019,12,29,2669
Avocado,2019,12,30,2575
Avocado,2019,12,31,2481
Avocado,2020,1,1,2685
Avocado,2020,1,2,2683
Avocado,2020,1,3,2669
Avocado,2020,1,4,2870
Avocado,2020,1,5,2986
Avocado,2020,1,6,2843
Avocado,2020,1,7,2841
Avocado,2020,1,8,2887
Avocado,2020,1,9,3130
Avocado,2020,1,10,2968
Avocado,2020,1,11,3086
Avocado,2020,1,12,3464
Avocado,2020,1,13,3197
Avocado,2020,1,14,3267
Avocado,2020,1,15,3000
Avocado,2020,1,16,3190
Avocado,2020,1,17,3001
Avocado,2020,1,18,3165
Avocado,2020,1,19,3167
Avocado,2020,1,20,3097
Avocado,2020,1,21,3070
Avocado,2020,1,22,3173
Avocado,2020,1,23,3039
Avocado,2020,1,24,2839
Avocado,2020,1,25,3843
Avocado,2020,1,26,3223
Avocado,2020,1,27,2974
Avocado,2020,1,28,3364
Avocado,2020,1,29,2962
Avocado,2020,1,30,3195
Avocado,2020,1,31,2921
Avocado,2020,2,1,2959
Avocado,2020,2,2,3328
Avocado,2020,2,3,3372
Avocado,2020,2,4,3108
Avocado,2020,2,5,3094
Avocado,2020,2,6,3137
Avocado,2020,2,7,3038
Avocado,2020,2,8,3130
Avocado,2020,2,9,3259
Avocado,2020,2,10,2993
Avocado,2020,2,11,2978
Avocado,2020,2,12,2961
Avocado,2020,2,13,2974
Avocado,2020,2,14,2982
Avocado,2020,2,15,2820
Avocado,2020,2,16,3324
Avocado,2020,2,17,2962
Avocado,2020,2,18,3039
Avocado,2020,2,19,3077
Avocado,2020,2,20,3186
Avocado,2020,2,21,2838
Avocado,2020,2,22,3002
Avocado,2020,2,23,3236
Avocado,2020,2,24,3164
Avocado,2020,2,25,3220
Banana,2019,12,28,3983
Banana,2019,12,29,4191
Banana,2019,12,30,4270
Banana,2019,12,31,4188
Banana,2020,1,1,4241
Banana,2020,1,2,4793
Banana,2020,1,3,4766
Banana,2020,1,4,4671
Banana,2020,1,5,4719
Banana,2020,1,6,5337
Banana,2020,1,7,5333
Banana,2020,1,8,5442
Banana,2020,1,9,5676
Banana,2020,1,10,5165
Banana,2020,1,11,4524
Banana,2020,1,12,4826
Banana,2020,1,13,5115
Banana,2020,1,14,5597
Banana,2020,1,15,5829
Banana,2020,1,16,5674
Banana,2020,1,17,5417
Banana,2020,1,18,4893
Banana,2020,1,19,5264
Banana,2020,1,20,5545
Banana,2020,1,21,6039
Banana,2020,1,22,5822
Banana,2020,1,23,5784
Banana,2020,1,24,5222
Banana,2020,1,25,5065
Banana,2020,1,26,5246
Banana,2020,1,27,5472
Banana,2020,1,28,5899
Banana,2020,1,29,5767
Banana,2020,1,30,5550
Banana,2020,1,31,5079
Banana,2020,2,1,4624
Banana,2020,2,2,4897
Banana,2020,2,3,5099
Banana,2020,2,4,5568
Banana,2020,2,5,5960
Banana,2020,2,6,5829
Banana,2020,2,7,5340
Banana,2020,2,8,4968
Banana,2020,2,9,5372
Banana,2020,2,10,5670
Banana,2020,2,11,5724
Banana,2020,2,12,5872
Banana,2020,2,13,5745
Banana,2020,2,14,5109
Banana,2020,2,15,5127
Banana,2020,2,16,5525
Banana,2020,2,17,5970
Banana,2020,2,18,6145
Banana,2020,2,19,6186
Banana,2020,2,20,5842
Banana,2020,2,21,5673
Banana,2020,2,22,5033
Banana,2020,2,23,5495
Banana,2020,2,24,6106
Banana,2020,2,25,6101
Chickpea,2019,12,28,1760
Chickpea,2019,12,29,1880
Chickpea,2019,12,30,1921
Chickpea,2019,12,31,1735
Chickpea,2020,1,1,1825
Chickpea,2020,1,2,2257
Chickpea,2020,1,3,2216
Chickpea,2020,1,4,2257
Chickpea,2020,1,5,2475
Chickpea,2020,1,6,2466
Chickpea,2020,1,7,2550
Chickpea,2020,1,8,2408
Chickpea,2020,1,9,2416
Chickpea,2020,1,10,2217
Chickpea,2020,1,11,2258
Chickpea,2020,1,12,2530
Chickpea,2020,1,13,2601
Chickpea,2020,1,14,2321
Chickpea,2020,1,15,2427
Chickpea,2020,1,16,2369
Chickpea,2020,1,17,2188
Chickpea,2020,1,18,2199
Chickpea,2020,1,19,2502
Chickpea,2020,1,20,2484
Chickpea,2020,1,21,2551
Chickpea,2020,1,22,2351
Chickpea,2020,1,23,2385
Chickpea,2020,1,24,2244
Chickpea,2020,1,25,2211
Chickpea,2020,1,26,2425
Chickpea,2020,1,27,2353
Chickpea,2020,1,28,2484
Chickpea,2020,1,29,2705
Chickpea,2020,1,30,2323
Chickpea,2020,1,31,2135
Chickpea,2020,2,1,2145
Chickpea,2020,2,2,2296
Chickpea,2020,2,3,2426
Chickpea,2020,2,4,2275
Chickpea,2020,2,5,2369
Chickpea,2020,2,6,2389
Chickpea,2020,2,7,2149
Chickpea,2020,2,8,2127
Chickpea,2020,2,9,2346
Chickpea,2020,2,10,2620
Chickpea,2020,2,11,2282
Chickpea,2020,2,12,2351
Chickpea,2020,2,13,2315
Chickpea,2020,2,14,1918
Chickpea,2020,2,15,2118
Chickpea,2020,2,16,2313
Chickpea,2020,2,17,2331
Chickpea,2020,2,18,2292
Chickpea,2020,2,19,2459
Chickpea,2020,2,20,2271
Chickpea,2020,2,21,2114
Chickpea,2020,2,22,2014
Chickpea,2020,2,23,2342
Chickpea,2020,2,24,2363
Chickpea,2020,2,25,2585
String Bean,2019,12,28,470
String Bean,2019,12,29,516
String Bean,2019,12,30,517
String Bean,2019,12,31,486
String Bean,2020,1,1,507
String Bean,2020,1,2,592
String Bean,2020,1,3,542
String Bean,2020,1,4,576
String Bean,2020,1,5,612
String Bean,2020,1,6,667
String Bean,2020,1,7,645
String Bean,2020,1,8,709
String Bean,2020,1,9,642
String Bean,2020,1,10,615
String Bean,2020,1,11,595
String Bean,2020,1,12,700
String Bean,2020,1,13,639
String Bean,2020,1,14,687
String Bean,2020,1,15,626
String Bean,2020,1,16,710
String Bean,2020,1,17,642
String Bean,2020,1,18,629
String Bean,2020,1,19,714
String Bean,2020,1,20,691
String Bean,2020,1,21,700
String Bean,2020,1,22,760
String Bean,2020,1,23,648
String Bean,2020,1,24,646
String Bean,2020,1,25,545
String Bean,2020,1,26,662
String Bean,2020,1,27,727
String Bean,2020,1,28,677
String Bean,2020,1,29,680
String Bean,2020,1,30,659
String Bean,2020,1,31,618
String Bean,2020,2,1,522
String Bean,2020,2,2,616
String Bean,2020,2,3,623
String Bean,2020,2,4,669
String Bean,2020,2,5,602
String Bean,2020,2,6,603
String Bean,2020,2,7,534
String Bean,2020,2,8,551
String Bean,2020,2,9,648
String Bean,2020,2,10,630
String Bean,2020,2,11,632
String Bean,2020,2,12,652
String Bean,2020,2,13,590
String Bean,2020,2,14,577
String Bean,2020,2,15,563
String Bean,2020,2,16,559
String Bean,2020,2,17,673
String Bean,2020,2,18,2507
String Bean,2020,2,19,676
String Bean,2020,2,20,649
String Bean,2020,2,21,576
String Bean,2020,2,22,597
String Bean,2020,2,23,650
String Bean,2020,2,24,638
String Bean,2020,2,25,637
Beef,2019,12,28,954
Beef,2019,12,29,1056
Beef,2019,12,30,1070
Beef,2019,12,31,910
Beef,2020,1,1,1034
Beef,2020,1,2,1162
Beef,2020,1,3,1013
Beef,2020,1,4,1252
Beef,2020,1,5,1079
Beef,2020,1,6,1021
Beef,2020,1,7,1050
Beef,2020,1,8,1014
Beef,2020,1,9,1078
Beef,2020,1,10,1043
Beef,2020,1,11,976
Beef,2020,1,12,1075
Beef,2020,1,13,1110
Beef,2020,1,14,1032
Beef,2020,1,15,1128
Beef,2020,1,16,1190
Beef,2020,1,17,1237
Beef,2020,1,18,1095
Beef,2020,1,19,1102
Beef,2020,1,20,1230
Beef,2020,1,21,1207
Beef,2020,1,22,1145
Beef,2020,1,23,1105
Beef,2020,1,24,1086
Beef,2020,1,25,1026
Beef,2020,1,26,1180
Beef,2020,1,27,1216
Beef,2020,1,28,1157
Beef,2020,1,29,1106
Beef,2020,1,30,1339
Beef,2020,1,31,1097
Beef,2020,2,1,946
Beef,2020,2,2,1058
Beef,2020,2,3,1160
Beef,2020,2,4,1136
Beef,2020,2,5,1150
Beef,2020,2,6,1077
Beef,2020,2,7,1107
Beef,2020,2,8,1094
Beef,2020,2,9,1109
Beef,2020,2,10,1079
Beef,2020,2,11,1097
Beef,2020,2,12,1061
Beef,2020,2,13,1074
Beef,2020,2,14,994
Beef,2020,2,15,998
Beef,2020,2,16,1051
Beef,2020,2,17,1065
Beef,2020,2,18,1102
Beef,2020,2,19,1208
Beef,2020,2,20,1059
Beef,2020,2,21,983
Beef,2020,2,22,972
Beef,2020,2,23,1124
Beef,2020,2,24,1258
Beef,2020,2,25,1203
Bell Pepper,2019,12,28,1140
Bell Pepper,2019,12,29,1295
Bell Pepper,2019,12,30,1244
Bell Pepper,2019,12,31,1285
Bell Pepper,2020,1,1,1126
Bell Pepper,2020,1,2,1281
Bell Pepper,2020,1,3,1267
Bell Pepper,2020,1,4,1387
Bell Pepper,2020,1,5,1578
Bell Pepper,2020,1,6,1436
Bell Pepper,2020,1,7,1490
Bell Pepper,2020,1,8,1382
Bell Pepper,2020,1,9,1464
Bell Pepper,2020,1,10,1417
Bell Pepper,2020,1,11,1446
Bell Pepper,2020,1,12,1585
Bell Pepper,2020,1,13,1523
Bell Pepper,2020,1,14,1489
Bell Pepper,2020,1,15,1513
Bell Pepper,2020,1,16,1484
Bell Pepper,2020,1,17,1448
Bell Pepper,2020,1,18,1457
Bell Pepper,2020,1,19,1507
Bell Pepper,2020,1,20,1522
Bell Pepper,2020,1,21,1474
Bell Pepper,2020,1,22,1484
Bell Pepper,2020,1,23,1386
Bell Pepper,2020,1,24,1411
Bell Pepper,2020,1,25,1359
Bell Pepper,2020,1,26,1376
Bell Pepper,2020,1,27,1400
Bell Pepper,2020,1,28,1507
Bell Pepper,2020,1,29,1475
Bell Pepper,2020,1,30,1375
Bell Pepper,2020,1,31,1258
Bell Pepper,2020,2,1,1368
Bell Pepper,2020,2,2,1774
Bell Pepper,2020,2,3,1392
Bell Pepper,2020,2,4,1382
Bell Pepper,2020,2,5,1403
Bell Pepper,2020,2,6,1382
Bell Pepper,2020,2,7,1442
Bell Pepper,2020,2,8,1623
Bell Pepper,2020,2,9,1403
Bell Pepper,2020,2,10,1453
Bell Pepper,2020,2,11,1448
Bell Pepper,2020,2,12,1378
Bell Pepper,2020,2,13,1349
Bell Pepper,2020,2,14,1282
Bell Pepper,2020,2,15,1290
Bell Pepper,2020,2,16,1416
Bell Pepper,2020,2,17,1505
Bell Pepper,2020,2,18,1414
Bell Pepper,2020,2,19,1433
Bell Pepper,2020,2,20,1360
Bell Pepper,2020,2,21,1349
Bell Pepper,2020,2,22,1918
Bell Pepper,2020,2,23,1516
Bell Pepper,2020,2,24,1400
Bell Pepper,2020,2,25,1470
Crab,2019,12,28,268
Crab,2019,12,29,281
Crab,2019,12,30,251
Crab,2019,12,31,222
Crab,2020,1,1,210
Crab,2020,1,2,299
Crab,2020,1,3,267
Crab,2020,1,4,259
Crab,2020,1,5,329
Crab,2020,1,6,298
Crab,2020,1,7,277
Crab,2020,1,8,360
Crab,2020,1,9,335
Crab,2020,1,10,330
Crab,2020,1,11,259
Crab,2020,1,12,306
Crab,2020,1,13,329
Crab,2020,1,14,273
Crab,2020,1,15,270
Crab,2020,1,16,327
Crab,2020,1,17,283
Crab,2020,1,18,291
Crab,2020,1,19,303
Crab,2020,1,20,296
Crab,2020,1,21,307
Crab,2020,1,22,300
Crab,2020,1,23,307
Crab,2020,1,24,451
Crab,2020,1,25,253
Crab,2020,1,26,286
Crab,2020,1,27,290
Crab,2020,1,28,356
Crab,2020,1,29,300
Crab,2020,1,30,327
Crab,2020,1,31,305
Crab,2020,2,1,266
Crab,2020,2,2,275
Crab,2020,2,3,334
Crab,2020,2,4,334
Crab,2020,2,5,295
Crab,2020,2,6,277
Crab,2020,2,7,312
Crab,2020,2,8,279
Crab,2020,2,9,301
Crab,2020,2,10,331
Crab,2020,2,11,315
Crab,2020,2,12,295
Crab,2020,2,13,290
Crab,2020,2,14,319
Crab,2020,2,15,289
Crab,2020,2,16,292
Crab,2020,2,17,312
Crab,2020,2,18,333
Crab,2020,2,19,338
Crab,2020,2,20,313
Crab,2020,2,21,298
Crab,2020,2,22,278
Crab,2020,2,23,317
Crab,2020,2,24,316
Crab,2020,2,25,324
Broccoli,2019,12,28,1712
Broccoli,2019,12,29,1917
Broccoli,2019,12,30,1828
Broccoli,2019,12,31,1637
Broccoli,2020,1,1,1688
Broccoli,2020,1,2,2028
Broccoli,2020,1,3,1922
Broccoli,2020,1,4,2014
Broccoli,2020,1,5,2049
Broccoli,2020,1,6,2128
Broccoli,2020,1,7,2061
Broccoli,2020,1,8,1990
Broccoli,2020,1,9,2255
Broccoli,2020,1,10,2026
Broccoli,2020,1,11,1993
Broccoli,2020,1,12,2107
Broccoli,2020,1,13,2109
Broccoli,2020,1,14,2203
Broccoli,2020,1,15,2114
Broccoli,2020,1,16,2453
Broccoli,2020,1,17,2084
Broccoli,2020,1,18,1940
Broccoli,2020,1,19,2528
Broccoli,2020,1,20,2279
Broccoli,2020,1,21,2400
Broccoli,2020,1,22,2312
Broccoli,2020,1,23,2150
Broccoli,2020,1,24,2060
Broccoli,2020,1,25,2008
Broccoli,2020,1,26,2098
Broccoli,2020,1,27,2278
Broccoli,2020,1,28,2212
Broccoli,2020,1,29,2288
Broccoli,2020,1,30,2195
Broccoli,2020,1,31,1968
Broccoli,2020,2,1,1838
Broccoli,2020,2,2,2000
Broccoli,2020,2,3,1891
Broccoli,2020,2,4,1931
Broccoli,2020,2,5,2035
Broccoli,2020,2,6,2000
Broccoli,2020,2,7,1734
Broccoli,2020,2,8,1800
Broccoli,2020,2,9,2281
Broccoli,2020,2,10,1973
Broccoli,2020,2,11,1965
Broccoli,2020,2,12,2131
Broccoli,2020,2,13,1892
Broccoli,2020,2,14,1690
Broccoli,2020,2,15,1724
Broccoli,2020,2,16,1986
Broccoli,2020,2,17,7243
Broccoli,2020,2,18,5385
Broccoli,2020,2,19,3200
Broccoli,2020,2,20,2523
Broccoli,2020,2,21,2325
Broccoli,2020,2,22,2475
Broccoli,2020,2,23,2522
Broccoli,2020,2,24,2844
Broccoli,2020,2,25,2303
Cabbage,2019,12,28,1125
Cabbage,2019,12,29,1117
Cabbage,2019,12,30,1125
Cabbage,2019,12,31,1029
Cabbage,2020,1,1,1302
Cabbage,2020,1,2,1399
Cabbage,2020,1,3,1263
Cabbage,2020,1,4,1356
Cabbage,2020,1,5,1402
Cabbage,2020,1,6,1412
Cabbage,2020,1,7,1375
Cabbage,2020,1,8,1317
Cabbage,2020,1,9,1386
Cabbage,2020,1,10,1223
Cabbage,2020,1,11,1166
Cabbage,2020,1,12,1313
Cabbage,2020,1,13,1406
Cabbage,2020,1,14,1391
Cabbage,2020,1,15,1334
Cabbage,2020,1,16,1319
Cabbage,2020,1,17,1243
Cabbage,2020,1,18,1207
Cabbage,2020,1,19,1417
Cabbage,2020,1,20,1484
Cabbage,2020,1,21,1489
Cabbage,2020,1,22,1371
Cabbage,2020,1,23,1359
Cabbage,2020,1,24,1255
Cabbage,2020,1,25,1231
Cabbage,2020,1,26,1332
Cabbage,2020,1,27,1384
Cabbage,2020,1,28,1409
Cabbage,2020,1,29,1418
Cabbage,2020,1,30,1375
Cabbage,2020,1,31,1189
Cabbage,2020,2,1,1056
Cabbage,2020,2,2,1324
Cabbage,2020,2,3,1293
Cabbage,2020,2,4,1339
Cabbage,2020,2,5,1271
Cabbage,2020,2,6,1234
Cabbage,2020,2,7,1202
Cabbage,2020,2,8,1155
Cabbage,2020,2,9,1327
Cabbage,2020,2,10,1285
Cabbage,2020,2,11,1351
Cabbage,2020,2,12,1380
Cabbage,2020,2,13,1296
Cabbage,2020,2,14,1104
Cabbage,2020,2,15,1096
Cabbage,2020,2,16,1245
Cabbage,2020,2,17,1660
Cabbage,2020,2,18,1411
Cabbage,2020,2,19,1385
Cabbage,2020,2,20,1304
Cabbage,2020,2,21,1236
Cabbage,2020,2,22,1175
Cabbage,2020,2,23,1294
Cabbage,2020,2,24,1384
Cabbage,2020,2,25,1290
Cantaloupe,2019,12,28,463
Cantaloupe,2019,12,29,506
Cantaloupe,2019,12,30,541
Cantaloupe,2019,12,31,543
Cantaloupe,2020,1,1,489
Cantaloupe,2020,1,2,579
Cantaloupe,2020,1,3,575
Cantaloupe,2020,1,4,595
Cantaloupe,2020,1,5,575
Cantaloupe,2020,1,6,606
Cantaloupe,2020,1,7,605
Cantaloupe,2020,1,8,547
Cantaloupe,2020,1,9,559
Cantaloupe,2020,1,10,580
Cantaloupe,2020,1,11,563
Cantaloupe,2020,1,12,633
Cantaloupe,2020,1,13,608
Cantaloupe,2020,1,14,614
Cantaloupe,2020,1,15,750
Cantaloupe,2020,1,16,574
Cantaloupe,2020,1,17,634
Cantaloupe,2020,1,18,552
Cantaloupe,2020,1,19,611
Cantaloupe,2020,1,20,563
Cantaloupe,2020,1,21,677
Cantaloupe,2020,1,22,633
Cantaloupe,2020,1,23,640
Cantaloupe,2020,1,24,565
Cantaloupe,2020,1,25,609
Cantaloupe,2020,1,26,641
Cantaloupe,2020,1,27,590
Cantaloupe,2020,1,28,597
Cantaloupe,2020,1,29,625
Cantaloupe,2020,1,30,570
Cantaloupe,2020,1,31,587
Cantaloupe,2020,2,1,533
Cantaloupe,2020,2,2,537
Cantaloupe,2020,2,3,576
Cantaloupe,2020,2,4,632
Cantaloupe,2020,2,5,577
Cantaloupe,2020,2,6,591
Cantaloupe,2020,2,7,559
Cantaloupe,2020,2,8,570
Cantaloupe,2020,2,9,599
Cantaloupe,2020,2,10,679
Cantaloupe,2020,2,11,648
Cantaloupe,2020,2,12,582
Cantaloupe,2020,2,13,567
Cantaloupe,2020,2,14,475
Cantaloupe,2020,2,15,561
Cantaloupe,2020,2,16,601
Cantaloupe,2020,2,17,598
Cantaloupe,2020,2,18,621
Cantaloupe,2020,2,19,606
Cantaloupe,2020,2,20,586
Cantaloupe,2020,2,21,599
Cantaloupe,2020,2,22,569
Cantaloupe,2020,2,23,617
Cantaloupe,2020,2,24,621
Cantaloupe,2020,2,25,621
Carrot,2019,12,28,1079
Carrot,2019,12,29,1268
Carrot,2019,12,30,1237
Carrot,2019,12,31,1143
Carrot,2020,1,1,1169
Carrot,2020,1,2,1393
Carrot,2020,1,3,1451
Carrot,2020,1,4,1527
Carrot,2020,1,5,1588
Carrot,2020,1,6,1619
Carrot,2020,1,7,1586
Carrot,2020,1,8,1631
Carrot,2020,1,9,1660
Carrot,2020,1,10,1643
Carrot,2020,1,11,1391
Carrot,2020,1,12,1577
Carrot,2020,1,13,1702
Carrot,2020,1,14,1672
Carrot,2020,1,15,1642
Carrot,2020,1,16,1616
Carrot,2020,1,17,1545
Carrot,2020,1,18,1585
Carrot,2020,1,19,1706
Carrot,2020,1,20,1741
Carrot,2020,1,21,1877
Carrot,2020,1,22,1836
Carrot,2020,1,23,1793
Carrot,2020,1,24,1525
Carrot,2020,1,25,1448
Carrot,2020,1,26,1514
Carrot,2020,1,27,1831
Carrot,2020,1,28,1854
Carrot,2020,1,29,1715
Carrot,2020,1,30,1718
Carrot,2020,1,31,1525
Carrot,2020,2,1,1348
Carrot,2020,2,2,1578
Carrot,2020,2,3,1593
Carrot,2020,2,4,1634
Carrot,2020,2,5,1725
Carrot,2020,2,6,1642
Carrot,2020,2,7,1485
Carrot,2020,2,8,1402
Carrot,2020,2,9,1550
Carrot,2020,2,10,1638
Carrot,2020,2,11,1739
Carrot,2020,2,12,1756
Carrot,2020,2,13,1728
Carrot,2020,2,14,1439
Carrot,2020,2,15,1398
Carrot,2020,2,16,1571
Carrot,2020,2,17,1703
Carrot,2020,2,18,1792
Carrot,2020,2,19,1753
Carrot,2020,2,20,1552
Carrot,2020,2,21,1523
Carrot,2020,2,22,1333
Carrot,2020,2,23,1548
Carrot,2020,2,24,2205
Carrot,2020,2,25,1816
Catfish,2019,12,28,1224
Catfish,2019,12,29,1369
Catfish,2019,12,30,1396
Catfish,2019,12,31,1284
Catfish,2020,1,1,1361
Catfish,2020,1,2,1514
Catfish,2020,1,3,1596
Catfish,2020,1,4,1431
Catfish,2020,1,5,1653
Catfish,2020,1,6,1455
Catfish,2020,1,7,1424
Catfish,2020,1,8,1605
Catfish,2020,1,9,1646
Catfish,2020,1,10,1584
Catfish,2020,1,11,1535
Catfish,2020,1,12,1740
Catfish,2020,1,13,1618
Catfish,2020,1,14,1553
Catfish,2020,1,15,1381
Catfish,2020,1,16,1586
Catfish,2020,1,17,1605
Catfish,2020,1,18,1530
Catfish,2020,1,19,1698
Catfish,2020,1,20,1586
Catfish,2020,1,21,2164
Catfish,2020,1,22,1822
Catfish,2020,1,23,1785
Catfish,2020,1,24,1768
Catfish,2020,1,25,1657
Catfish,2020,1,26,1718
Catfish,2020,1,27,1718
Catfish,2020,1,28,2149
Catfish,2020,1,29,1699
Catfish,2020,1,30,1608
Catfish,2020,1,31,1543
Catfish,2020,2,1,1498
Catfish,2020,2,2,1669
Catfish,2020,2,3,1635
Catfish,2020,2,4,1662
Catfish,2020,2,5,1506
Catfish,2020,2,6,1573
Catfish,2020,2,7,1424
Catfish,2020,2,8,1313
Catfish,2020,2,9,1588
Catfish,2020,2,10,1506
Catfish,2020,2,11,1555
Catfish,2020,2,12,1592
Catfish,2020,2,13,1629
Catfish,2020,2,14,1544
Catfish,2020,2,15,1397
Catfish,2020,2,16,1744
Catfish,2020,2,17,1857
Catfish,2020,2,18,1624
Catfish,2020,2,19,1596
Catfish,2020,2,20,1440
Catfish,2020,2,21,1371
Catfish,2020,2,22,1401
Catfish,2020,2,23,1598
Catfish,2020,2,24,1712
Catfish,2020,2,25,1730
Cauliflower,2019,12,28,828
Cauliflower,2019,12,29,905
Cauliflower,2019,12,30,920
Cauliflower,2019,12,31,815
Cauliflower,2020,1,1,869
Cauliflower,2020,1,2,1038
Cauliflower,2020,1,3,1093
Cauliflower,2020,1,4,1260
Cauliflower,2020,1,5,1245
Cauliflower,2020,1,6,1188
Cauliflower,2020,1,7,1183
Cauliflower,2020,1,8,1102
Cauliflower,2020,1,9,1237
Cauliflower,2020,1,10,1121
Cauliflower,2020,1,11,1030
Cauliflower,2020,1,12,1209
Cauliflower,2020,1,13,1302
Cauliflower,2020,1,14,1153
Cauliflower,2020,1,15,1103
Cauliflower,2020,1,16,1084
Cauliflower,2020,1,17,1177
Cauliflower,2020,1,18,1067
Cauliflower,2020,1,19,1331
Cauliflower,2020,1,20,1264
Cauliflower,2020,1,21,1235
Cauliflower,2020,1,22,1222
Cauliflower,2020,1,23,1069
Cauliflower,2020,1,24,1033
Cauliflower,2020,1,25,1002
Cauliflower,2020,1,26,1160
Cauliflower,2020,1,27,1190
Cauliflower,2020,1,28,1138
Cauliflower,2020,1,29,1252
Cauliflower,2020,1,30,1036
Cauliflower,2020,1,31,959
Cauliflower,2020,2,1,950
Cauliflower,2020,2,2,1061
Cauliflower,2020,2,3,1067
Cauliflower,2020,2,4,1045
Cauliflower,2020,2,5,1011
Cauliflower,2020,2,6,1045
Cauliflower,2020,2,7,937
Cauliflower,2020,2,8,944
Cauliflower,2020,2,9,1122
Cauliflower,2020,2,10,1083
Cauliflower,2020,2,11,1113
Cauliflower,2020,2,12,1064
Cauliflower,2020,2,13,964
Cauliflower,2020,2,14,964
Cauliflower,2020,2,15,916
Cauliflower,2020,2,16,991
Cauliflower,2020,2,17,1744
Cauliflower,2020,2,18,1468
Cauliflower,2020,2,19,1205
Cauliflower,2020,2,20,1134
Cauliflower,2020,2,21,963
Cauliflower,2020,2,22,1092
Cauliflower,2020,2,23,1107
Cauliflower,2020,2,24,1145
Cauliflower,2020,2,25,1158
Celery,2019,12,28,980
Celery,2019,12,29,983
Celery,2019,12,30,1035
Celery,2019,12,31,947
Celery,2020,1,1,920
Celery,2020,1,2,1049
Celery,2020,1,3,1010
Celery,2020,1,4,1123
Celery,2020,1,5,1128
Celery,2020,1,6,1130
Celery,2020,1,7,1102
Celery,2020,1,8,1035
Celery,2020,1,9,1117
Celery,2020,1,10,1063
Celery,2020,1,11,1042
Celery,2020,1,12,1144
Celery,2020,1,13,1059
Celery,2020,1,14,1139
Celery,2020,1,15,1127
Celery,2020,1,16,1073
Celery,2020,1,17,1070
Celery,2020,1,18,1090
Celery,2020,1,19,1108
Celery,2020,1,20,1131
Celery,2020,1,21,1123
Celery,2020,1,22,1107
Celery,2020,1,23,966
Celery,2020,1,24,880
Celery,2020,1,25,966
Celery,2020,1,26,1095
Celery,2020,1,27,1046
Celery,2020,1,28,1059
Celery,2020,1,29,1008
Celery,2020,1,30,1051
Celery,2020,1,31,917
Celery,2020,2,1,913
Celery,2020,2,2,1016
Celery,2020,2,3,1202
Celery,2020,2,4,1140
Celery,2020,2,5,958
Celery,2020,2,6,942
Celery,2020,2,7,888
Celery,2020,2,8,986
Celery,2020,2,9,1018
Celery,2020,2,10,1011
Celery,2020,2,11,976
Celery,2020,2,12,902
Celery,2020,2,13,887
Celery,2020,2,14,1006
Celery,2020,2,15,883
Celery,2020,2,16,948
Celery,2020,2,17,1014
Celery,2020,2,18,1022
Celery,2020,2,19,951
Celery,2020,2,20,992
Celery,2020,2,21,1033
Celery,2020,2,22,929
Celery,2020,2,23,1018
Celery,2020,2,24,1021
Celery,2020,2,25,1023
Cheese,2019,12,28,2141
Cheese,2019,12,29,2011
Cheese,2019,12,30,2035
Cheese,2019,12,31,2047
Cheese,2020,1,1,2018
Cheese,2020,1,2,2235
Cheese,2020,1,3,2222
Cheese,2020,1,4,2247
Cheese,2020,1,5,2253
Cheese,2020,1,6,2357
Cheese,2020,1,7,2544
Cheese,2020,1,8,2511
Cheese,2020,1,9,2400
Cheese,2020,1,10,2156
Cheese,2020,1,11,1851
Cheese,2020,1,12,2140
Cheese,2020,1,13,2376
Cheese,2020,1,14,2355
Cheese,2020,1,15,2253
Cheese,2020,1,16,2249
Cheese,2020,1,17,2133
Cheese,2020,1,18,2011
Cheese,2020,1,19,2174
Cheese,2020,1,20,2455
Cheese,2020,1,21,3169
Cheese,2020,1,22,2765
Cheese,2020,1,23,2388
Cheese,2020,1,24,2183
Cheese,2020,1,25,1964
Cheese,2020,1,26,1964
Cheese,2020,1,27,2254
Cheese,2020,1,28,2343
Cheese,2020,1,29,2385
Cheese,2020,1,30,2435
Cheese,2020,1,31,2112
Cheese,2020,2,1,1924
Cheese,2020,2,2,2000
Cheese,2020,2,3,2253
Cheese,2020,2,4,2446
Cheese,2020,2,5,2430
Cheese,2020,2,6,2348
Cheese,2020,2,7,2453
Cheese,2020,2,8,2022
Cheese,2020,2,9,2150
Cheese,2020,2,10,2407
Cheese,2020,2,11,2520
Cheese,2020,2,12,2452
Cheese,2020,2,13,2280
Cheese,2020,2,14,2206
Cheese,2020,2,15,1936
Cheese,2020,2,16,2159
Cheese,2020,2,17,2272
Cheese,2020,2,18,2520
Cheese,2020,2,19,2450
Cheese,2020,2,20,2375
Cheese,2020,2,21,2266
Cheese,2020,2,22,2066
Cheese,2020,2,23,2173
Cheese,2020,2,24,2504
Cheese,2020,2,25,2520
Chicken,2019,12,28,2903
Chicken,2019,12,29,2192
Chicken,2019,12,30,2111
Chicken,2019,12,31,1877
Chicken,2020,1,1,1999
Chicken,2020,1,2,2119
Chicken,2020,1,3,2119
Chicken,2020,1,4,2016
Chicken,2020,1,5,2122
Chicken,2020,1,6,2291
Chicken,2020,1,7,2432
Chicken,2020,1,8,2468
Chicken,2020,1,9,2597
Chicken,2020,1,10,2971
Chicken,2020,1,11,2207
Chicken,2020,1,12,2372
Chicken,2020,1,13,2506
Chicken,2020,1,14,2409
Chicken,2020,1,15,2515
Chicken,2020,1,16,2625
Chicken,2020,1,17,2379
Chicken,2020,1,18,2129
Chicken,2020,1,19,2363
Chicken,2020,1,20,2526
Chicken,2020,1,21,2519
Chicken,2020,1,22,2540
Chicken,2020,1,23,2575
Chicken,2020,1,24,2491
Chicken,2020,1,25,2341
Chicken,2020,1,26,2357
Chicken,2020,1,27,2444
Chicken,2020,1,28,2618
Chicken,2020,1,29,2625
Chicken,2020,1,30,2701
Chicken,2020,1,31,2465
Chicken,2020,2,1,2188
Chicken,2020,2,2,2425
Chicken,2020,2,3,2468
Chicken,2020,2,4,2445
Chicken,2020,2,5,2420
Chicken,2020,2,6,2383
Chicken,2020,2,7,2520
Chicken,2020,2,8,2078
Chicken,2020,2,9,2420
Chicken,2020,2,10,2487
Chicken,2020,2,11,2752
Chicken,2020,2,12,2755
Chicken,2020,2,13,2393
Chicken,2020,2,14,2298
Chicken,2020,2,15,2149
Chicken,2020,2,16,2213
Chicken,2020,2,17,2466
Chicken,2020,2,18,2560
Chicken,2020,2,19,2779
Chicken,2020,2,20,2532
Chicken,2020,2,21,2322
Chicken,2020,2,22,2150
Chicken,2020,2,23,2466
Chicken,2020,2,24,2522
Chicken,2020,2,25,2717
Clam,2019,12,28,665
Clam,2019,12,29,786
Clam,2019,12,30,730
Clam,2019,12,31,711
Clam,2020,1,1,664
Clam,2020,1,2,720
Clam,2020,1,3,687
Clam,2020,1,4,742
Clam,2020,1,5,737
Clam,2020,1,6,732
Clam,2020,1,7,727
Clam,2020,1,8,713
Clam,2020,1,9,734
Clam,2020,1,10,777
Clam,2020,1,11,673
Clam,2020,1,12,729
Clam,2020,1,13,742
Clam,2020,1,14,750
Clam,2020,1,15,812
Clam,2020,1,16,794
Clam,2020,1,17,763
Clam,2020,1,18,753
Clam,2020,1,19,757
Clam,2020,1,20,807
Clam,2020,1,21,805
Clam,2020,1,22,748
Clam,2020,1,23,771
Clam,2020,1,24,766
Clam,2020,1,25,772
Clam,2020,1,26,751
Clam,2020,1,27,753
Clam,2020,1,28,883
Clam,2020,1,29,936
Clam,2020,1,30,868
Clam,2020,1,31,736
Clam,2020,2,1,643
Clam,2020,2,2,658
Clam,2020,2,3,708
Clam,2020,2,4,734
Clam,2020,2,5,750
Clam,2020,2,6,664
Clam,2020,2,7,717
Clam,2020,2,8,687
Clam,2020,2,9,923
Clam,2020,2,10,795
Clam,2020,2,11,692
Clam,2020,2,12,787
Clam,2020,2,13,709
Clam,2020,2,14,668
Clam,2020,2,15,740
Clam,2020,2,16,713
Clam,2020,2,17,790
Clam,2020,2,18,789
Clam,2020,2,19,769
Clam,2020,2,20,736
Clam,2020,2,21,680
Clam,2020,2,22,611
Clam,2020,2,23,736
Clam,2020,2,24,704
Clam,2020,2,25,739
Cod,2019,12,28,1225
Cod,2019,12,29,1231
Cod,2019,12,30,1225
Cod,2019,12,31,1144
Cod,2020,1,1,1269
Cod,2020,1,2,1298
Cod,2020,1,3,1290
Cod,2020,1,4,1334
Cod,2020,1,5,1310
Cod,2020,1,6,1286
Cod,2020,1,7,1241
Cod,2020,1,8,1217
Cod,2020,1,9,1231
Cod,2020,1,10,1393
Cod,2020,1,11,1156
Cod,2020,1,12,1340
Cod,2020,1,13,1214
Cod,2020,1,14,1219
Cod,2020,1,15,1287
Cod,2020,1,16,1275
Cod,2020,1,17,1234
Cod,2020,1,18,1216
Cod,2020,1,19,1402
Cod,2020,1,20,1241
Cod,2020,1,21,1213
Cod,2020,1,22,1253
Cod,2020,1,23,1277
Cod,2020,1,24,1227
Cod,2020,1,25,1220
Cod,2020,1,26,1214
Cod,2020,1,27,1317
Cod,2020,1,28,1277
Cod,2020,1,29,1258
Cod,2020,1,30,1197
Cod,2020,1,31,1262
Cod,2020,2,1,1209
Cod,2020,2,2,1076
Cod,2020,2,3,1075
Cod,2020,2,4,1175
Cod,2020,2,5,1226
Cod,2020,2,6,1150
Cod,2020,2,7,1186
Cod,2020,2,8,1254
Cod,2020,2,9,1344
Cod,2020,2,10,1329
Cod,2020,2,11,1327
Cod,2020,2,12,1303
Cod,2020,2,13,1188
Cod,2020,2,14,1237
Cod,2020,2,15,1296
Cod,2020,2,16,1270
Cod,2020,2,17,1237
Cod,2020,2,18,1296
Cod,2020,2,19,1316
Cod,2020,2,20,1219
Cod,2020,2,21,2431
Cod,2020,2,22,1905
Cod,2020,2,23,1992
Cod,2020,2,24,1705
Cod,2020,2,25,1548
Corn,2019,12,28,1836
Corn,2019,12,29,1975
Corn,2019,12,30,1958
Corn,2019,12,31,1874
Corn,2020,1,1,2905
Corn,2020,1,2,2923
Corn,2020,1,3,2273
Corn,2020,1,4,2181
Corn,2020,1,5,2414
Corn,2020,1,6,2483
Corn,2020,1,7,2500
Corn,2020,1,8,2378
Corn,2020,1,9,2381
Corn,2020,1,10,2255
Corn,2020,1,11,2071
Corn,2020,1,12,2229
Corn,2020,1,13,2318
Corn,2020,1,14,2403
Corn,2020,1,15,2441
Corn,2020,1,16,2361
Corn,2020,1,17,2320
Corn,2020,1,18,2240
Corn,2020,1,19,2429
Corn,2020,1,20,2688
Corn,2020,1,21,2825
Corn,2020,1,22,2859
Corn,2020,1,23,3419
Corn,2020,1,24,2401
Corn,2020,1,25,2209
Corn,2020,1,26,2273
Corn,2020,1,27,2746
Corn,2020,1,28,2652
Corn,2020,1,29,2931
Corn,2020,1,30,2633
Corn,2020,1,31,2279
Corn,2020,2,1,2082
Corn,2020,2,2,2487
Corn,2020,2,3,2547
Corn,2020,2,4,2615
Corn,2020,2,5,2837
Corn,2020,2,6,2729
Corn,2020,2,7,2723
Corn,2020,2,8,2233
Corn,2020,2,9,2601
Corn,2020,2,10,2953
Corn,2020,2,11,3003
Corn,2020,2,12,2738
Corn,2020,2,13,2699
Corn,2020,2,14,2336
Corn,2020,2,15,2174
Corn,2020,2,16,2500
Corn,2020,2,17,2664
Corn,2020,2,18,2686
Corn,2020,2,19,2744
Corn,2020,2,20,2766
Corn,2020,2,21,2397
Corn,2020,2,22,2379
Corn,2020,2,23,2662
Corn,2020,2,24,2976
Corn,2020,2,25,2873
Cucumber,2019,12,28,986
Cucumber,2019,12,29,944
Cucumber,2019,12,30,1058
Cucumber,2019,12,31,982
Cucumber,2020,1,1,917
Cucumber,2020,1,2,1106
Cucumber,2020,1,3,1069
Cucumber,2020,1,4,1019
Cucumber,2020,1,5,1152
Cucumber,2020,1,6,1133
Cucumber,2020,1,7,1345
Cucumber,2020,1,8,1228
Cucumber,2020,1,9,1250
Cucumber,2020,1,10,1089
Cucumber,2020,1,11,1039
Cucumber,2020,1,12,1155
Cucumber,2020,1,13,1209
Cucumber,2020,1,14,1208
Cucumber,2020,1,15,1310
Cucumber,2020,1,16,1270
Cucumber,2020,1,17,1207
Cucumber,2020,1,18,1134
Cucumber,2020,1,19,1205
Cucumber,2020,1,20,1317
Cucumber,2020,1,21,1342
Cucumber,2020,1,22,1358
Cucumber,2020,1,23,1440
Cucumber,2020,1,24,1202
Cucumber,2020,1,25,1135
Cucumber,2020,1,26,1348
Cucumber,2020,1,27,1356
Cucumber,2020,1,28,1275
Cucumber,2020,1,29,1280
Cucumber,2020,1,30,1285
Cucumber,2020,1,31,1241
Cucumber,2020,2,1,1133
Cucumber,2020,2,2,1199
Cucumber,2020,2,3,1293
Cucumber,2020,2,4,1336
Cucumber,2020,2,5,1359
Cucumber,2020,2,6,1243
Cucumber,2020,2,7,1284
Cucumber,2020,2,8,1209
Cucumber,2020,2,9,1162
Cucumber,2020,2,10,1353
Cucumber,2020,2,11,1265
Cucumber,2020,2,12,1267
Cucumber,2020,2,13,1270
Cucumber,2020,2,14,1149
Cucumber,2020,2,15,1098
Cucumber,2020,2,16,1242
Cucumber,2020,2,17,1306
Cucumber,2020,2,18,1416
Cucumber,2020,2,19,1244
Cucumber,2020,2,20,1521
Cucumber,2020,2,21,1204
Cucumber,2020,2,22,1154
Cucumber,2020,2,23,1291
Cucumber,2020,2,24,1333
Cucumber,2020,2,25,1350
Duck,2019,12,28,1035
Duck,2019,12,29,1082
Duck,2019,12,30,1061
Duck,2019,12,31,1048
Duck,2020,1,1,1031
Duck,2020,1,2,1134
Duck,2020,1,3,1102
Duck,2020,1,4,1103
Duck,2020,1,5,1236
Duck,2020,1,6,1525
Duck,2020,1,7,1424
Duck,2020,1,8,1364
Duck,2020,1,9,1320
Duck,2020,1,10,1435
Duck,2020,1,11,1136
Duck,2020,1,12,1315
Duck,2020,1,13,1427
Duck,2020,1,14,1330
Duck,2020,1,15,1395
Duck,2020,1,16,1536
Duck,2020,1,17,1299
Duck,2020,1,18,1335
Duck,2020,1,19,1341
Duck,2020,1,20,1359
Duck,2020,1,21,1395
Duck,2020,1,22,1451
Duck,2020,1,23,1426
Duck,2020,1,24,1373
Duck,2020,1,25,1311
Duck,2020,1,26,1303
Duck,2020,1,27,1415
Duck,2020,1,28,1372
Duck,2020,1,29,1359
Duck,2020,1,30,1360
Duck,2020,1,31,1210
Duck,2020,2,1,1115
Duck,2020,2,2,17024
Duck,2020,2,3,2098
Duck,2020,2,4,1531
Duck,2020,2,5,1386
Duck,2020,2,6,1369
Duck,2020,2,7,1343
Duck,2020,2,8,1246
Duck,2020,2,9,1504
Duck,2020,2,10,1468
Duck,2020,2,11,1437
Duck,2020,2,12,1447
Duck,2020,2,13,1428
Duck,2020,2,14,1323
Duck,2020,2,15,1255
Duck,2020,2,16,1501
Duck,2020,2,17,1471
Duck,2020,2,18,1406
Duck,2020,2,19,1450
Duck,2020,2,20,1347
Duck,2020,2,21,1364
Duck,2020,2,22,1161
Duck,2020,2,23,1419
Duck,2020,2,24,1388
Duck,2020,2,25,1622
Flounder,2019,12,28,488
Flounder,2019,12,29,597
Flounder,2019,12,30,599
Flounder,2019,12,31,554
Flounder,2020,1,1,564
Flounder,2020,1,2,740
Flounder,2020,1,3,792
Flounder,2020,1,4,679
Flounder,2020,1,5,656
Flounder,2020,1,6,498
Flounder,2020,1,7,543
Flounder,2020,1,8,543
Flounder,2020,1,9,555
Flounder,2020,1,10,596
Flounder,2020,1,11,596
Flounder,2020,1,12,645
Flounder,2020,1,13,608
Flounder,2020,1,14,485
Flounder,2020,1,15,516
Flounder,2020,1,16,544
Flounder,2020,1,17,558
Flounder,2020,1,18,544
Flounder,2020,1,19,575
Flounder,2020,1,20,552
Flounder,2020,1,21,533
Flounder,2020,1,22,547
Flounder,2020,1,23,543
Flounder,2020,1,24,526
Flounder,2020,1,25,513
Flounder,2020,1,26,522
Flounder,2020,1,27,517
Flounder,2020,1,28,528
Flounder,2020,1,29,559
Flounder,2020,1,30,516
Flounder,2020,1,31,475
Flounder,2020,2,1,443
Flounder,2020,2,2,420
Flounder,2020,2,3,412
Flounder,2020,2,4,372
Flounder,2020,2,5,423
Flounder,2020,2,6,461
Flounder,2020,2,7,458
Flounder,2020,2,8,445
Flounder,2020,2,9,473
Flounder,2020,2,10,421
Flounder,2020,2,11,423
Flounder,2020,2,12,417
Flounder,2020,2,13,458
Flounder,2020,2,14,438
Flounder,2020,2,15,448
Flounder,2020,2,16,459
Flounder,2020,2,17,462
Flounder,2020,2,18,474
Flounder,2020,2,19,485
Flounder,2020,2,20,408
Flounder,2020,2,21,481
Flounder,2020,2,22,448
Flounder,2020,2,23,527
Flounder,2020,2,24,546
Flounder,2020,2,25,546
Grapefruit,2019,12,28,1254
Grapefruit,2019,12,29,1293
Grapefruit,2019,12,30,1291
Grapefruit,2019,12,31,1188
Grapefruit,2020,1,1,1167
Grapefruit,2020,1,2,2359
Grapefruit,2020,1,3,1863
Grapefruit,2020,1,4,1437
Grapefruit,2020,1,5,1527
Grapefruit,2020,1,6,1602
Grapefruit,2020,1,7,1446
Grapefruit,2020,1,8,1364
Grapefruit,2020,1,9,1434
Grapefruit,2020,1,10,1384
Grapefruit,2020,1,11,1425
Grapefruit,2020,1,12,1576
Grapefruit,2020,1,13,1471
Grapefruit,2020,1,14,1474
Grapefruit,2020,1,15,1495
Grapefruit,2020,1,16,1470
Grapefruit,2020,1,17,1540
Grapefruit,2020,1,18,1435
Grapefruit,2020,1,19,1519
Grapefruit,2020,1,20,1556
Grapefruit,2020,1,21,1523
Grapefruit,2020,1,22,1459
Grapefruit,2020,1,23,1539
Grapefruit,2020,1,24,1478
Grapefruit,2020,1,25,1473
Grapefruit,2020,1,26,1310
Grapefruit,2020,1,27,1470
Grapefruit,2020,1,28,1520
Grapefruit,2020,1,29,1400
Grapefruit,2020,1,30,1562
Grapefruit,2020,1,31,1300
Grapefruit,2020,2,1,1274
Grapefruit,2020,2,2,1389
Grapefruit,2020,2,3,1354
Grapefruit,2020,2,4,1384
Grapefruit,2020,2,5,1360
Grapefruit,2020,2,6,1358
Grapefruit,2020,2,7,1188
Grapefruit,2020,2,8,1259
Grapefruit,2020,2,9,1352
Grapefruit,2020,2,10,1329
Grapefruit,2020,2,11,1334
Grapefruit,2020,2,12,1444
Grapefruit,2020,2,13,1309
Grapefruit,2020,2,14,1141
Grapefruit,2020,2,15,1252
Grapefruit,2020,2,16,1384
Grapefruit,2020,2,17,1320
Grapefruit,2020,2,18,1247
Grapefruit,2020,2,19,1285
Grapefruit,2020,2,20,1341
Grapefruit,2020,2,21,1240
Grapefruit,2020,2,22,1288
Grapefruit,2020,2,23,1456
Grapefruit,2020,2,24,1351
Grapefruit,2020,2,25,1545
Grape,2019,12,28,969
Grape,2019,12,29,943
Grape,2019,12,30,1045
Grape,2019,12,31,1020
Grape,2020,1,1,1030
Grape,2020,1,2,1133
Grape,2020,1,3,1106
Grape,2020,1,4,1057
Grape,2020,1,5,1131
Grape,2020,1,6,1229
Grape,2020,1,7,1186
Grape,2020,1,8,1149
Grape,2020,1,9,1179
Grape,2020,1,10,1102
Grape,2020,1,11,999
Grape,2020,1,12,1353
Grape,2020,1,13,1402
Grape,2020,1,14,1241
Grape,2020,1,15,1203
Grape,2020,1,16,1210
Grape,2020,1,17,1247
Grape,2020,1,18,1136
Grape,2020,1,19,1219
Grape,2020,1,20,1377
Grape,2020,1,21,1397
Grape,2020,1,22,1322
Grape,2020,1,23,1545
Grape,2020,1,24,1209
Grape,2020,1,25,1202
Grape,2020,1,26,1198
Grape,2020,1,27,1317
Grape,2020,1,28,1361
Grape,2020,1,29,1332
Grape,2020,1,30,1314
Grape,2020,1,31,1131
Grape,2020,2,1,1152
Grape,2020,2,2,1208
Grape,2020,2,3,1477
Grape,2020,2,4,1465
Grape,2020,2,5,1467
Grape,2020,2,6,1405
Grape,2020,2,7,1291
Grape,2020,2,8,1163
Grape,2020,2,9,1258
Grape,2020,2,10,1340
Grape,2020,2,11,1435
Grape,2020,2,12,1397
Grape,2020,2,13,1361
Grape,2020,2,14,1215
Grape,2020,2,15,1183
Grape,2020,2,16,1368
Grape,2020,2,17,1441
Grape,2020,2,18,1438
Grape,2020,2,19,1496
Grape,2020,2,20,1337
Grape,2020,2,21,1359
Grape,2020,2,22,1174
Grape,2020,2,23,1364
Grape,2020,2,24,1485
Grape,2020,2,25,1530
Halibut,2019,12,28,696
Halibut,2019,12,29,847
Halibut,2019,12,30,741
Halibut,2019,12,31,785
Halibut,2020,1,1,798
Halibut,2020,1,2,974
Halibut,2020,1,3,915
Halibut,2020,1,4,826
Halibut,2020,1,5,833
Halibut,2020,1,6,770
Halibut,2020,1,7,715
Halibut,2020,1,8,777
Halibut,2020,1,9,755
Halibut,2020,1,10,661
Halibut,2020,1,11,738
Halibut,2020,1,12,791
Halibut,2020,1,13,712
Halibut,2020,1,14,711
Halibut,2020,1,15,719
Halibut,2020,1,16,727
Halibut,2020,1,17,672
Halibut,2020,1,18,789
Halibut,2020,1,19,831
Halibut,2020,1,20,708
Halibut,2020,1,21,745
Halibut,2020,1,22,674
Halibut,2020,1,23,961
Halibut,2020,1,24,756
Halibut,2020,1,25,787
Halibut,2020,1,26,744
Halibut,2020,1,27,704
Halibut,2020,1,28,721
Halibut,2020,1,29,708
Halibut,2020,1,30,641
Halibut,2020,1,31,656
Halibut,2020,2,1,729
Halibut,2020,2,2,702
Halibut,2020,2,3,606
Halibut,2020,2,4,675
Halibut,2020,2,5,689
Halibut,2020,2,6,644
Halibut,2020,2,7,673
Halibut,2020,2,8,778
Halibut,2020,2,9,767
Halibut,2020,2,10,694
Halibut,2020,2,11,684
Halibut,2020,2,12,645
Halibut,2020,2,13,674
Halibut,2020,2,14,829
Halibut,2020,2,15,937
Halibut,2020,2,16,925
Halibut,2020,2,17,733
Halibut,2020,2,18,708
Halibut,2020,2,19,874
Halibut,2020,2,20,659
Halibut,2020,2,21,731
Halibut,2020,2,22,767
Halibut,2020,2,23,807
Halibut,2020,2,24,738
Halibut,2020,2,25,717
Haddock,2019,12,28,758
Haddock,2019,12,29,722
Haddock,2019,12,30,682
Haddock,2019,12,31,729
Haddock,2020,1,1,625
Haddock,2020,1,2,644
Haddock,2020,1,3,698
Haddock,2020,1,4,706
Haddock,2020,1,5,645
Haddock,2020,1,6,662
Haddock,2020,1,7,625
Haddock,2020,1,8,636
Haddock,2020,1,9,633
Haddock,2020,1,10,653
Haddock,2020,1,11,705
Haddock,2020,1,12,789
Haddock,2020,1,13,651
Haddock,2020,1,14,631
Haddock,2020,1,15,617
Haddock,2020,1,16,703
Haddock,2020,1,17,670
Haddock,2020,1,18,798
Haddock,2020,1,19,760
Haddock,2020,1,20,689
Haddock,2020,1,21,695
Haddock,2020,1,22,708
Haddock,2020,1,23,680
Haddock,2020,1,24,706
Haddock,2020,1,25,744
Haddock,2020,1,26,686
Haddock,2020,1,27,645
Haddock,2020,1,28,676
Haddock,2020,1,29,640
Haddock,2020,1,30,690
Haddock,2020,1,31,760
Haddock,2020,2,1,795
Haddock,2020,2,2,659
Haddock,2020,2,3,598
Haddock,2020,2,4,630
Haddock,2020,2,5,650
Haddock,2020,2,6,593
Haddock,2020,2,7,661
Haddock,2020,2,8,731
Haddock,2020,2,9,725
Haddock,2020,2,10,640
Haddock,2020,2,11,654
Haddock,2020,2,12,643
Haddock,2020,2,13,616
Haddock,2020,2,14,660
Haddock,2020,2,15,688
Haddock,2020,2,16,706
Haddock,2020,2,17,623
Haddock,2020,2,18,651
Haddock,2020,2,19,1123
Haddock,2020,2,20,657
Haddock,2020,2,21,748
Haddock,2020,2,22,779
Haddock,2020,2,23,755
Haddock,2020,2,24,674
Haddock,2020,2,25,695
Kiwi,2019,12,28,1586
Kiwi,2019,12,29,1680
Kiwi,2019,12,30,5641
Kiwi,2019,12,31,1582
Kiwi,2020,1,1,1612
Kiwi,2020,1,2,1700
Kiwi,2020,1,3,1609
Kiwi,2020,1,4,1877
Kiwi,2020,1,5,1891
Kiwi,2020,1,6,1786
Kiwi,2020,1,7,1741
Kiwi,2020,1,8,1785
Kiwi,2020,1,9,1901
Kiwi,2020,1,10,1853
Kiwi,2020,1,11,1852
Kiwi,2020,1,12,2138
Kiwi,2020,1,13,1974
Kiwi,2020,1,14,2029
Kiwi,2020,1,15,2047
Kiwi,2020,1,16,1984
Kiwi,2020,1,17,1803
Kiwi,2020,1,18,1850
Kiwi,2020,1,19,2725
Kiwi,2020,1,20,2076
Kiwi,2020,1,21,2153
Kiwi,2020,1,22,2031
Kiwi,2020,1,23,2059
Kiwi,2020,1,24,3408
Kiwi,2020,1,25,1927
Kiwi,2020,1,26,2270
Kiwi,2020,1,27,2061
Kiwi,2020,1,28,2096
Kiwi,2020,1,29,2172
Kiwi,2020,1,30,1973
Kiwi,2020,1,31,1758
Kiwi,2020,2,1,1828
Kiwi,2020,2,2,2045
Kiwi,2020,2,3,1874
Kiwi,2020,2,4,1843
Kiwi,2020,2,5,1951
Kiwi,2020,2,6,1767
Kiwi,2020,2,7,1806
Kiwi,2020,2,8,1786
Kiwi,2020,2,9,1962
Kiwi,2020,2,10,1909
Kiwi,2020,2,11,1888
Kiwi,2020,2,12,2113
Kiwi,2020,2,13,1948
Kiwi,2020,2,14,1667
Kiwi,2020,2,15,1761
Kiwi,2020,2,16,1963
Kiwi,2020,2,17,1954
Kiwi,2020,2,18,1823
Kiwi,2020,2,19,1769
Kiwi,2020,2,20,1750
Kiwi,2020,2,21,1740
Kiwi,2020,2,22,1863
Kiwi,2020,2,23,1983
Kiwi,2020,2,24,1790
Kiwi,2020,2,25,1814
Lamb,2019,12,28,1775
Lamb,2019,12,29,1743
Lamb,2019,12,30,1796
Lamb,2019,12,31,1649
Lamb,2020,1,1,1766
Lamb,2020,1,2,1965
Lamb,2020,1,3,1755
Lamb,2020,1,4,1800
Lamb,2020,1,5,1856
Lamb,2020,1,6,2054
Lamb,2020,1,7,2229
Lamb,2020,1,8,2145
Lamb,2020,1,9,2110
Lamb,2020,1,10,2038
Lamb,2020,1,11,1847
Lamb,2020,1,12,2032
Lamb,2020,1,13,2025
Lamb,2020,1,14,2019
Lamb,2020,1,15,2037
Lamb,2020,1,16,2091
Lamb,2020,1,17,1982
Lamb,2020,1,18,2072
Lamb,2020,1,19,2250
Lamb,2020,1,20,2234
Lamb,2020,1,21,2180
Lamb,2020,1,22,2249
Lamb,2020,1,23,2173
Lamb,2020,1,24,2034
Lamb,2020,1,25,2085
Lamb,2020,1,26,2227
Lamb,2020,1,27,2153
Lamb,2020,1,28,2247
Lamb,2020,1,29,2684
Lamb,2020,1,30,2302
Lamb,2020,1,31,2158
Lamb,2020,2,1,2122
Lamb,2020,2,2,2079
Lamb,2020,2,3,1909
Lamb,2020,2,4,2164
Lamb,2020,2,5,2302
Lamb,2020,2,6,2272
Lamb,2020,2,7,2160
Lamb,2020,2,8,2060
Lamb,2020,2,9,2030
Lamb,2020,2,10,2126
Lamb,2020,2,11,2168
Lamb,2020,2,12,2103
Lamb,2020,2,13,2110
Lamb,2020,2,14,1913
Lamb,2020,2,15,1907
Lamb,2020,2,16,2097
Lamb,2020,2,17,1986
Lamb,2020,2,18,2116
Lamb,2020,2,19,2108
Lamb,2020,2,20,1974
Lamb,2020,2,21,1831
Lamb,2020,2,22,2142
Lamb,2020,2,23,2430
Lamb,2020,2,24,2100
Lamb,2020,2,25,2059
Lemon,2019,12,28,1477
Lemon,2019,12,29,1576
Lemon,2019,12,30,1433
Lemon,2019,12,31,1422
Lemon,2020,1,1,1440
Lemon,2020,1,2,1584
Lemon,2020,1,3,1577
Lemon,2020,1,4,1486
Lemon,2020,1,5,1726
Lemon,2020,1,6,1715
Lemon,2020,1,7,1719
Lemon,2020,1,8,1760
Lemon,2020,1,9,1871
Lemon,2020,1,10,1456
Lemon,2020,1,11,1513
Lemon,2020,1,12,2706
Lemon,2020,1,13,1709
Lemon,2020,1,14,1665
Lemon,2020,1,15,1769
Lemon,2020,1,16,1999
Lemon,2020,1,17,1738
Lemon,2020,1,18,1585
Lemon,2020,1,19,1826
Lemon,2020,1,20,1830
Lemon,2020,1,21,1877
Lemon,2020,1,22,1757
Lemon,2020,1,23,1710
Lemon,2020,1,24,1688
Lemon,2020,1,25,1524
Lemon,2020,1,26,1559
Lemon,2020,1,27,1798
Lemon,2020,1,28,1805
Lemon,2020,1,29,1827
Lemon,2020,1,30,1770
Lemon,2020,1,31,1771
Lemon,2020,2,1,1567
Lemon,2020,2,2,1843
Lemon,2020,2,3,1798
Lemon,2020,2,4,1816
Lemon,2020,2,5,1972
Lemon,2020,2,6,1976
Lemon,2020,2,7,1725
Lemon,2020,2,8,2026
Lemon,2020,2,9,1993
Lemon,2020,2,10,1883
Lemon,2020,2,11,1766
Lemon,2020,2,12,1823
Lemon,2020,2,13,1772
Lemon,2020,2,14,1643
Lemon,2020,2,15,1471
Lemon,2020,2,16,1836
Lemon,2020,2,17,1894
Lemon,2020,2,18,1789
Lemon,2020,2,19,1740
Lemon,2020,2,20,1643
Lemon,2020,2,21,1650
Lemon,2020,2,22,1506
Lemon,2020,2,23,1711
Lemon,2020,2,24,1948
Lemon,2020,2,25,1875
Lettuce,2019,12,28,825
Lettuce,2019,12,29,802
Lettuce,2019,12,30,840
Lettuce,2019,12,31,768
Lettuce,2020,1,1,795
Lettuce,2020,1,2,862
Lettuce,2020,1,3,912
Lettuce,2020,1,4,919
Lettuce,2020,1,5,874
Lettuce,2020,1,6,1031
Lettuce,2020,1,7,1039
Lettuce,2020,1,8,1000
Lettuce,2020,1,9,974
Lettuce,2020,1,10,1020
Lettuce,2020,1,11,855
Lettuce,2020,1,12,998
Lettuce,2020,1,13,1116
Lettuce,2020,1,14,1072
Lettuce,2020,1,15,1047
Lettuce,2020,1,16,1137
Lettuce,2020,1,17,1006
Lettuce,2020,1,18,882
Lettuce,2020,1,19,941
Lettuce,2020,1,20,1172
Lettuce,2020,1,21,1118
Lettuce,2020,1,22,1132
Lettuce,2020,1,23,1087
Lettuce,2020,1,24,1084
Lettuce,2020,1,25,947
Lettuce,2020,1,26,972
Lettuce,2020,1,27,1063
Lettuce,2020,1,28,1165
Lettuce,2020,1,29,1088
Lettuce,2020,1,30,1097
Lettuce,2020,1,31,950
Lettuce,2020,2,1,866
Lettuce,2020,2,2,893
Lettuce,2020,2,3,1085
Lettuce,2020,2,4,1090
Lettuce,2020,2,5,1090
Lettuce,2020,2,6,1048
Lettuce,2020,2,7,939
Lettuce,2020,2,8,836
Lettuce,2020,2,9,961
Lettuce,2020,2,10,1093
Lettuce,2020,2,11,1060
Lettuce,2020,2,12,1115
Lettuce,2020,2,13,1022
Lettuce,2020,2,14,905
Lettuce,2020,2,15,847
Lettuce,2020,2,16,940
Lettuce,2020,2,17,1024
Lettuce,2020,2,18,1127
Lettuce,2020,2,19,1071
Lettuce,2020,2,20,1115
Lettuce,2020,2,21,947
Lettuce,2020,2,22,944
Lettuce,2020,2,23,1019
Lettuce,2020,2,24,1050
Lettuce,2020,2,25,1119
Lime,2019,12,28,228
Lime,2019,12,29,294
Lime,2019,12,30,274
Lime,2019,12,31,309
Lime,2020,1,1,280
Lime,2020,1,2,321
Lime,2020,1,3,331
Lime,2020,1,4,297
Lime,2020,1,5,284
Lime,2020,1,6,302
Lime,2020,1,7,270
Lime,2020,1,8,359
Lime,2020,1,9,404
Lime,2020,1,10,330
Lime,2020,1,11,260
Lime,2020,1,12,290
Lime,2020,1,13,331
Lime,2020,1,14,270
Lime,2020,1,15,287
Lime,2020,1,16,304
Lime,2020,1,17,278
Lime,2020,1,18,253
Lime,2020,1,19,267
Lime,2020,1,20,270
Lime,2020,1,21,327
Lime,2020,1,22,273
Lime,2020,1,23,296
Lime,2020,1,24,300
Lime,2020,1,25,260
Lime,2020,1,26,238
Lime,2020,1,27,278
Lime,2020,1,28,306
Lime,2020,1,29,297
Lime,2020,1,30,324
Lime,2020,1,31,341
Lime,2020,2,1,309
Lime,2020,2,2,302
Lime,2020,2,3,285
Lime,2020,2,4,295
Lime,2020,2,5,317
Lime,2020,2,6,329
Lime,2020,2,7,347
Lime,2020,2,8,286
Lime,2020,2,9,323
Lime,2020,2,10,340
Lime,2020,2,11,284
Lime,2020,2,12,297
Lime,2020,2,13,288
Lime,2020,2,14,271
Lime,2020,2,15,260
Lime,2020,2,16,299
Lime,2020,2,17,306
Lime,2020,2,18,324
Lime,2020,2,19,356
Lime,2020,2,20,309
Lime,2020,2,21,284
Lime,2020,2,22,287
Lime,2020,2,23,288
Lime,2020,2,24,295
Lime,2020,2,25,286
Lobster,2019,12,28,1398
Lobster,2019,12,29,1431
Lobster,2019,12,30,1345
Lobster,2019,12,31,1589
Lobster,2020,1,1,1754
Lobster,2020,1,2,1583
Lobster,2020,1,3,1513
Lobster,2020,1,4,1346
Lobster,2020,1,5,1560
Lobster,2020,1,6,1403
Lobster,2020,1,7,1478
Lobster,2020,1,8,1433
Lobster,2020,1,9,1489
Lobster,2020,1,10,1469
Lobster,2020,1,11,1373
Lobster,2020,1,12,1391
Lobster,2020,1,13,1394
Lobster,2020,1,14,1449
Lobster,2020,1,15,1644
Lobster,2020,1,16,1601
Lobster,2020,1,17,1402
Lobster,2020,1,18,1412
Lobster,2020,1,19,1392
Lobster,2020,1,20,1341
Lobster,2020,1,21,1556
Lobster,2020,1,22,1395
Lobster,2020,1,23,1435
Lobster,2020,1,24,1302
Lobster,2020,1,25,1375
Lobster,2020,1,26,1357
Lobster,2020,1,27,1427
Lobster,2020,1,28,1423
Lobster,2020,1,29,1420
Lobster,2020,1,30,1373
Lobster,2020,1,31,1352
Lobster,2020,2,1,1468
Lobster,2020,2,2,1507
Lobster,2020,2,3,1441
Lobster,2020,2,4,1596
Lobster,2020,2,5,1370
Lobster,2020,2,6,1400
Lobster,2020,2,7,1419
Lobster,2020,2,8,1477
Lobster,2020,2,9,1729
Lobster,2020,2,10,1418
Lobster,2020,2,11,1461
Lobster,2020,2,12,1467
Lobster,2020,2,13,1490
Lobster,2020,2,14,1722
Lobster,2020,2,15,1627
Lobster,2020,2,16,1679
Lobster,2020,2,17,1492
Lobster,2020,2,18,1361
Lobster,2020,2,19,1528
Lobster,2020,2,20,1543
Lobster,2020,2,21,1492
Lobster,2020,2,22,1426
Lobster,2020,2,23,1529
Lobster,2020,2,24,1631
Lobster,2020,2,25,1513
Milk,2019,12,28,1413
Milk,2019,12,29,1594
Milk,2019,12,30,1604
Milk,2019,12,31,1399
Milk,2020,1,1,1364
Milk,2020,1,2,1702
Milk,2020,1,3,1588
Milk,2020,1,4,1897
Milk,2020,1,5,2393
Milk,2020,1,6,2603
Milk,2020,1,7,2710
Milk,2020,1,8,2661
Milk,2020,1,9,2662
Milk,2020,1,10,2448
Milk,2020,1,11,2094
Milk,2020,1,12,2217
Milk,2020,1,13,2499
Milk,2020,1,14,2517
Milk,2020,1,15,2468
Milk,2020,1,16,2508
Milk,2020,1,17,2437
Milk,2020,1,18,2335
Milk,2020,1,19,2383
Milk,2020,1,20,2495
Milk,2020,1,21,2696
Milk,2020,1,22,2588
Milk,2020,1,23,2639
Milk,2020,1,24,2353
Milk,2020,1,25,2064
Milk,2020,1,26,2464
Milk,2020,1,27,2561
Milk,2020,1,28,2545
Milk,2020,1,29,2529
Milk,2020,1,30,2471
Milk,2020,1,31,2331
Milk,2020,2,1,1913
Milk,2020,2,2,2123
Milk,2020,2,3,2381
Milk,2020,2,4,2589
Milk,2020,2,5,2491
Milk,2020,2,6,2432
Milk,2020,2,7,2350
Milk,2020,2,8,2164
Milk,2020,2,9,2458
Milk,2020,2,10,2870
Milk,2020,2,11,2707
Milk,2020,2,12,2667
Milk,2020,2,13,2664
Milk,2020,2,14,2103
Milk,2020,2,15,2165
Milk,2020,2,16,2379
Milk,2020,2,17,2395
Milk,2020,2,18,2515
Milk,2020,2,19,2406
Milk,2020,2,20,2622
Milk,2020,2,21,2184
Milk,2020,2,22,1934
Milk,2020,2,23,2093
Milk,2020,2,24,2766
Milk,2020,2,25,2434
Mushroom,2019,12,28,1546
Mushroom,2019,12,29,1577
Mushroom,2019,12,30,1550
Mushroom,2019,12,31,2566
Mushroom,2020,1,1,1524
Mushroom,2020,1,2,1681
Mushroom,2020,1,3,2464
Mushroom,2020,1,4,1762
Mushroom,2020,1,5,1786
Mushroom,2020,1,6,1800
Mushroom,2020,1,7,2383
Mushroom,2020,1,8,1886
Mushroom,2020,1,9,1869
Mushroom,2020,1,10,1777
Mushroom,2020,1,11,1832
Mushroom,2020,1,12,1850
Mushroom,2020,1,13,1913
Mushroom,2020,1,14,1896
Mushroom,2020,1,15,1926
Mushroom,2020,1,16,1867
Mushroom,2020,1,17,1749
Mushroom,2020,1,18,1721
Mushroom,2020,1,19,1899
Mushroom,2020,1,20,1972
Mushroom,2020,1,21,2170
Mushroom,2020,1,22,1879
Mushroom,2020,1,23,2959
Mushroom,2020,1,24,1735
Mushroom,2020,1,25,1627
Mushroom,2020,1,26,1682
Mushroom,2020,1,27,2062
Mushroom,2020,1,28,2283
Mushroom,2020,1,29,1984
Mushroom,2020,1,30,1934
Mushroom,2020,1,31,1866
Mushroom,2020,2,1,1674
Mushroom,2020,2,2,1680
Mushroom,2020,2,3,2090
Mushroom,2020,2,4,1961
Mushroom,2020,2,5,1867
Mushroom,2020,2,6,1755
Mushroom,2020,2,7,1760
Mushroom,2020,2,8,1606
Mushroom,2020,2,9,1761
Mushroom,2020,2,10,1921
Mushroom,2020,2,11,1957
Mushroom,2020,2,12,1912
Mushroom,2020,2,13,2071
Mushroom,2020,2,14,1638
Mushroom,2020,2,15,1800
Mushroom,2020,2,16,1944
Mushroom,2020,2,17,1796
Mushroom,2020,2,18,1900
Mushroom,2020,2,19,1969
Mushroom,2020,2,20,1805
Mushroom,2020,2,21,1626
Mushroom,2020,2,22,1685
Mushroom,2020,2,23,1874
Mushroom,2020,2,24,2044
Mushroom,2020,2,25,1985
Oat,2019,12,28,1322
Oat,2019,12,29,1447
Oat,2019,12,30,1415
Oat,2019,12,31,1264
Oat,2020,1,1,1225
Oat,2020,1,2,1623
Oat,2020,1,3,1522
Oat,2020,1,4,1623
Oat,2020,1,5,1698
Oat,2020,1,6,1728
Oat,2020,1,7,1803
Oat,2020,1,8,1795
Oat,2020,1,9,1907
Oat,2020,1,10,1796
Oat,2020,1,11,1682
Oat,2020,1,12,1895
Oat,2020,1,13,1788
Oat,2020,1,14,1735
Oat,2020,1,15,1745
Oat,2020,1,16,1812
Oat,2020,1,17,1606
Oat,2020,1,18,1740
Oat,2020,1,19,1869
Oat,2020,1,20,1982
Oat,2020,1,21,1912
Oat,2020,1,22,1860
Oat,2020,1,23,1811
Oat,2020,1,24,1766
Oat,2020,1,25,1755
Oat,2020,1,26,1827
Oat,2020,1,27,1838
Oat,2020,1,28,1822
Oat,2020,1,29,1970
Oat,2020,1,30,1790
Oat,2020,1,31,1712
Oat,2020,2,1,1620
Oat,2020,2,2,1744
Oat,2020,2,3,1732
Oat,2020,2,4,1771
Oat,2020,2,5,1854
Oat,2020,2,6,1765
Oat,2020,2,7,1835
Oat,2020,2,8,1554
Oat,2020,2,9,1807
Oat,2020,2,10,1869
Oat,2020,2,11,1801
Oat,2020,2,12,1729
Oat,2020,2,13,1624
Oat,2020,2,14,1562
Oat,2020,2,15,1437
Oat,2020,2,16,1709
Oat,2020,2,17,1881
Oat,2020,2,18,1847
Oat,2020,2,19,1968
Oat,2020,2,20,1885
Oat,2020,2,21,1757
Oat,2020,2,22,1828
Oat,2020,2,23,1796
Oat,2020,2,24,1807
Oat,2020,2,25,1788
Onion,2019,12,28,1575
Onion,2019,12,29,1564
Onion,2019,12,30,1594
Onion,2019,12,31,1420
Onion,2020,1,1,1454
Onion,2020,1,2,1739
Onion,2020,1,3,1742
Onion,2020,1,4,1783
Onion,2020,1,5,2116
Onion,2020,1,6,1910
Onion,2020,1,7,1914
Onion,2020,1,8,1946
Onion,2020,1,9,2042
Onion,2020,1,10,1811
Onion,2020,1,11,1646
Onion,2020,1,12,1914
Onion,2020,1,13,1882
Onion,2020,1,14,1833
Onion,2020,1,15,1795
Onion,2020,1,16,1778
Onion,2020,1,17,1765
Onion,2020,1,18,1660
Onion,2020,1,19,1987
Onion,2020,1,20,1994
Onion,2020,1,21,2025
Onion,2020,1,22,1923
Onion,2020,1,23,2050
Onion,2020,1,24,1682
Onion,2020,1,25,1655
Onion,2020,1,26,1759
Onion,2020,1,27,2026
Onion,2020,1,28,1859
Onion,2020,1,29,1947
Onion,2020,1,30,2034
Onion,2020,1,31,1828
Onion,2020,2,1,1659
Onion,2020,2,2,1913
Onion,2020,2,3,1929
Onion,2020,2,4,2533
Onion,2020,2,5,2302
Onion,2020,2,6,2150
Onion,2020,2,7,1827
Onion,2020,2,8,1805
Onion,2020,2,9,1875
Onion,2020,2,10,2109
Onion,2020,2,11,1988
Onion,2020,2,12,1940
Onion,2020,2,13,1814
Onion,2020,2,14,1603
Onion,2020,2,15,1510
Onion,2020,2,16,1739
Onion,2020,2,17,1762
Onion,2020,2,18,1797
Onion,2020,2,19,1781
Onion,2020,2,20,1686
Onion,2020,2,21,1698
Onion,2020,2,22,1562
Onion,2020,2,23,1788
Onion,2020,2,24,2288
Onion,2020,2,25,1867
Orange,2019,12,28,1934
Orange,2019,12,29,1880
Orange,2019,12,30,1972
Orange,2019,12,31,1818
Orange,2020,1,1,1771
Orange,2020,1,2,1989
Orange,2020,1,3,2006
Orange,2020,1,4,1971
Orange,2020,1,5,2100
Orange,2020,1,6,2178
Orange,2020,1,7,2415
Orange,2020,1,8,2357
Orange,2020,1,9,2384
Orange,2020,1,10,2302
Orange,2020,1,11,2028
Orange,2020,1,12,2235
Orange,2020,1,13,2358
Orange,2020,1,14,2469
Orange,2020,1,15,2441
Orange,2020,1,16,2458
Orange,2020,1,17,2334
Orange,2020,1,18,2064
Orange,2020,1,19,2172
Orange,2020,1,20,2342
Orange,2020,1,21,2657
Orange,2020,1,22,2554
Orange,2020,1,23,2638
Orange,2020,1,24,2337
Orange,2020,1,25,2054
Orange,2020,1,26,2177
Orange,2020,1,27,2529
Orange,2020,1,28,2584
Orange,2020,1,29,2502
Orange,2020,1,30,2407
Orange,2020,1,31,2310
Orange,2020,2,1,2003
Orange,2020,2,2,2245
Orange,2020,2,3,2445
Orange,2020,2,4,2516
Orange,2020,2,5,2520
Orange,2020,2,6,2455
Orange,2020,2,7,2464
Orange,2020,2,8,2164
Orange,2020,2,9,2838
Orange,2020,2,10,4894
Orange,2020,2,11,2596
Orange,2020,2,12,2642
Orange,2020,2,13,2651
Orange,2020,2,14,2325
Orange,2020,2,15,2066
Orange,2020,2,16,2184
Orange,2020,2,17,2464
Orange,2020,2,18,2525
Orange,2020,2,19,2438
Orange,2020,2,20,2561
Orange,2020,2,21,2139
Orange,2020,2,22,2021
Orange,2020,2,23,2154
Orange,2020,2,24,2395
Orange,2020,2,25,2595
Oyster,2019,12,28,1294
Oyster,2019,12,29,1402
Oyster,2019,12,30,1278
Oyster,2019,12,31,1442
Oyster,2020,1,1,1372
Oyster,2020,1,2,1421
Oyster,2020,1,3,1343
Oyster,2020,1,4,1235
Oyster,2020,1,5,1375
Oyster,2020,1,6,1343
Oyster,2020,1,7,1242
Oyster,2020,1,8,1402
Oyster,2020,1,9,1463
Oyster,2020,1,10,1438
Oyster,2020,1,11,1300
Oyster,2020,1,12,1476
Oyster,2020,1,13,1318
Oyster,2020,1,14,1168
Oyster,2020,1,15,1319
Oyster,2020,1,16,1360
Oyster,2020,1,17,1265
Oyster,2020,1,18,1351
Oyster,2020,1,19,1350
Oyster,2020,1,20,1252
Oyster,2020,1,21,1288
Oyster,2020,1,22,1249
Oyster,2020,1,23,1245
Oyster,2020,1,24,1374
Oyster,2020,1,25,6158
Oyster,2020,1,26,2029
Oyster,2020,1,27,1276
Oyster,2020,1,28,1309
Oyster,2020,1,29,1218
Oyster,2020,1,30,1160
Oyster,2020,1,31,1194
Oyster,2020,2,1,1182
Oyster,2020,2,2,1368
Oyster,2020,2,3,1154
Oyster,2020,2,4,1213
Oyster,2020,2,5,1220
Oyster,2020,2,6,1155
Oyster,2020,2,7,1133
Oyster,2020,2,8,1202
Oyster,2020,2,9,1323
Oyster,2020,2,10,1255
Oyster,2020,2,11,1201
Oyster,2020,2,12,1202
Oyster,2020,2,13,1183
Oyster,2020,2,14,1185
Oyster,2020,2,15,1308
Oyster,2020,2,16,1521
Oyster,2020,2,17,1349
Oyster,2020,2,18,1204
Oyster,2020,2,19,1181
Oyster,2020,2,20,1199
Oyster,2020,2,21,1186
Oyster,2020,2,22,1214
Oyster,2020,2,23,1318
Oyster,2020,2,24,1288
Oyster,2020,2,25,1315
Peach,2019,12,28,728
Peach,2019,12,29,732
Peach,2019,12,30,702
Peach,2019,12,31,652
Peach,2020,1,1,681
Peach,2020,1,2,761
Peach,2020,1,3,756
Peach,2020,1,4,741
Peach,2020,1,5,767
Peach,2020,1,6,747
Peach,2020,1,7,878
Peach,2020,1,8,798
Peach,2020,1,9,771
Peach,2020,1,10,759
Peach,2020,1,11,701
Peach,2020,1,12,732
Peach,2020,1,13,812
Peach,2020,1,14,783
Peach,2020,1,15,920
Peach,2020,1,16,923
Peach,2020,1,17,901
Peach,2020,1,18,831
Peach,2020,1,19,913
Peach,2020,1,20,969
Peach,2020,1,21,952
Peach,2020,1,22,997
Peach,2020,1,23,1002
Peach,2020,1,24,908
Peach,2020,1,25,875
Peach,2020,1,26,853
Peach,2020,1,27,910
Peach,2020,1,28,982
Peach,2020,1,29,992
Peach,2020,1,30,823
Peach,2020,1,31,847
Peach,2020,2,1,834
Peach,2020,2,2,860
Peach,2020,2,3,825
Peach,2020,2,4,849
Peach,2020,2,5,846
Peach,2020,2,6,868
Peach,2020,2,7,836
Peach,2020,2,8,794
Peach,2020,2,9,920
Peach,2020,2,10,977
Peach,2020,2,11,925
Peach,2020,2,12,912
Peach,2020,2,13,899
Peach,2020,2,14,936
Peach,2020,2,15,793
Peach,2020,2,16,935
Peach,2020,2,17,1001
Peach,2020,2,18,940
Peach,2020,2,19,925
Peach,2020,2,20,968
Peach,2020,2,21,853
Peach,2020,2,22,844
Peach,2020,2,23,855
Peach,2020,2,24,906
Peach,2020,2,25,879
Pear,2019,12,28,587
Pear,2019,12,29,592
Pear,2019,12,30,619
Pear,2019,12,31,614
Pear,2020,1,1,555
Pear,2020,1,2,713
Pear,2020,1,3,714
Pear,2020,1,4,628
Pear,2020,1,5,727
Pear,2020,1,6,719
Pear,2020,1,7,698
Pear,2020,1,8,656
Pear,2020,1,9,736
Pear,2020,1,10,702
Pear,2020,1,11,616
Pear,2020,1,12,668
Pear,2020,1,13,723
Pear,2020,1,14,760
Pear,2020,1,15,813
Pear,2020,1,16,681
Pear,2020,1,17,673
Pear,2020,1,18,609
Pear,2020,1,19,706
Pear,2020,1,20,713
Pear,2020,1,21,825
Pear,2020,1,22,678
Pear,2020,1,23,731
Pear,2020,1,24,643
Pear,2020,1,25,591
Pear,2020,1,26,650
Pear,2020,1,27,751
Pear,2020,1,28,813
Pear,2020,1,29,705
Pear,2020,1,30,736
Pear,2020,1,31,630
Pear,2020,2,1,578
Pear,2020,2,2,755
Pear,2020,2,3,694
Pear,2020,2,4,712
Pear,2020,2,5,827
Pear,2020,2,6,744
Pear,2020,2,7,789
Pear,2020,2,8,658
Pear,2020,2,9,768
Pear,2020,2,10,765
Pear,2020,2,11,746
Pear,2020,2,12,820
Pear,2020,2,13,749
Pear,2020,2,14,671
Pear,2020,2,15,542
Pear,2020,2,16,713
Pear,2020,2,17,720
Pear,2020,2,18,799
Pear,2020,2,19,792
Pear,2020,2,20,734
Pear,2020,2,21,679
Pear,2020,2,22,632
Pear,2020,2,23,651
Pear,2020,2,24,745
Pear,2020,2,25,804
Penne,2019,12,28,257
Penne,2019,12,29,266
Penne,2019,12,30,272
Penne,2019,12,31,237
Penne,2020,1,1,234
Penne,2020,1,2,296
Penne,2020,1,3,265
Penne,2020,1,4,294
Penne,2020,1,5,262
Penne,2020,1,6,280
Penne,2020,1,7,286
Penne,2020,1,8,264
Penne,2020,1,9,269
Penne,2020,1,10,255
Penne,2020,1,11,252
Penne,2020,1,12,244
Penne,2020,1,13,261
Penne,2020,1,14,268
Penne,2020,1,15,267
Penne,2020,1,16,336
Penne,2020,1,17,261
Penne,2020,1,18,299
Penne,2020,1,19,298
Penne,2020,1,20,298
Penne,2020,1,21,273
Penne,2020,1,22,251
Penne,2020,1,23,312
Penne,2020,1,24,279
Penne,2020,1,25,258
Penne,2020,1,26,298
Penne,2020,1,27,286
Penne,2020,1,28,283
Penne,2020,1,29,278
Penne,2020,1,30,284
Penne,2020,1,31,238
Penne,2020,2,1,223
Penne,2020,2,2,240
Penne,2020,2,3,194
Penne,2020,2,4,210
Penne,2020,2,5,226
Penne,2020,2,6,205
Penne,2020,2,7,197
Penne,2020,2,8,199
Penne,2020,2,9,286
Penne,2020,2,10,244
Penne,2020,2,11,222
Penne,2020,2,12,202
Penne,2020,2,13,209
Penne,2020,2,14,252
Penne,2020,2,15,198
Penne,2020,2,16,217
Penne,2020,2,17,257
Penne,2020,2,18,263
Penne,2020,2,19,257
Penne,2020,2,20,246
Penne,2020,2,21,228
Penne,2020,2,22,212
Penne,2020,2,23,251
Penne,2020,2,24,323
Penne,2020,2,25,305
Pineapple,2019,12,28,2012
Pineapple,2019,12,29,1954
Pineapple,2019,12,30,1994
Pineapple,2019,12,31,1956
Pineapple,2020,1,1,1938
Pineapple,2020,1,2,2023
Pineapple,2020,1,3,2092
Pineapple,2020,1,4,2057
Pineapple,2020,1,5,2149
Pineapple,2020,1,6,2066
Pineapple,2020,1,7,2253
Pineapple,2020,1,8,2194
Pineapple,2020,1,9,2409
Pineapple,2020,1,10,2345
Pineapple,2020,1,11,2230
Pineapple,2020,1,12,2189
Pineapple,2020,1,13,2635
Pineapple,2020,1,14,2257
Pineapple,2020,1,15,2191
Pineapple,2020,1,16,2234
Pineapple,2020,1,17,2230
Pineapple,2020,1,18,2203
Pineapple,2020,1,19,2324
Pineapple,2020,1,20,2311
Pineapple,2020,1,21,2460
Pineapple,2020,1,22,2306
Pineapple,2020,1,23,2318
Pineapple,2020,1,24,2125
Pineapple,2020,1,25,2081
Pineapple,2020,1,26,2134
Pineapple,2020,1,27,2161
Pineapple,2020,1,28,2297
Pineapple,2020,1,29,2058
Pineapple,2020,1,30,2079
Pineapple,2020,1,31,1946
Pineapple,2020,2,1,1901
Pineapple,2020,2,2,1996
Pineapple,2020,2,3,2073
Pineapple,2020,2,4,2145
Pineapple,2020,2,5,2089
Pineapple,2020,2,6,2105
Pineapple,2020,2,7,1978
Pineapple,2020,2,8,1860
Pineapple,2020,2,9,2139
Pineapple,2020,2,10,2261
Pineapple,2020,2,11,2082
Pineapple,2020,2,12,2149
Pineapple,2020,2,13,2128
Pineapple,2020,2,14,2008
Pineapple,2020,2,15,1825
Pineapple,2020,2,16,2129
Pineapple,2020,2,17,2430
Pineapple,2020,2,18,2262
Pineapple,2020,2,19,2414
Pineapple,2020,2,20,2453
Pineapple,2020,2,21,2120
Pineapple,2020,2,22,1959
Pineapple,2020,2,23,2191
Pineapple,2020,2,24,2410
Pineapple,2020,2,25,2417
Plum,2019,12,28,685
Plum,2019,12,29,684
Plum,2019,12,30,669
Plum,2019,12,31,662
Plum,2020,1,1,650
Plum,2020,1,2,679
Plum,2020,1,3,689
Plum,2020,1,4,666
Plum,2020,1,5,688
Plum,2020,1,6,719
Plum,2020,1,7,721
Plum,2020,1,8,704
Plum,2020,1,9,735
Plum,2020,1,10,960
Plum,2020,1,11,801
Plum,2020,1,12,741
Plum,2020,1,13,716
Plum,2020,1,14,832
Plum,2020,1,15,763
Plum,2020,1,16,759
Plum,2020,1,17,717
Plum,2020,1,18,733
Plum,2020,1,19,784
Plum,2020,1,20,805
Plum,2020,1,21,867
Plum,2020,1,22,848
Plum,2020,1,23,757
Plum,2020,1,24,765
Plum,2020,1,25,747
Plum,2020,1,26,734
Plum,2020,1,27,865
Plum,2020,1,28,779
Plum,2020,1,29,713
Plum,2020,1,30,722
Plum,2020,1,31,637
Plum,2020,2,1,673
Plum,2020,2,2,710
Plum,2020,2,3,750
Plum,2020,2,4,745
Plum,2020,2,5,771
Plum,2020,2,6,813
Plum,2020,2,7,766
Plum,2020,2,8,703
Plum,2020,2,9,758
Plum,2020,2,10,909
Plum,2020,2,11,809
Plum,2020,2,12,856
Plum,2020,2,13,769
Plum,2020,2,14,671
Plum,2020,2,15,735
Plum,2020,2,16,789
Plum,2020,2,17,847
Plum,2020,2,18,876
Plum,2020,2,19,812
Plum,2020,2,20,779
Plum,2020,2,21,734
Plum,2020,2,22,751
Plum,2020,2,23,890
Plum,2020,2,24,815
Plum,2020,2,25,852
Pork,2019,12,28,807
Pork,2019,12,29,825
Pork,2019,12,30,883
Pork,2019,12,31,826
Pork,2020,1,1,849
Pork,2020,1,2,864
Pork,2020,1,3,911
Pork,2020,1,4,851
Pork,2020,1,5,888
Pork,2020,1,6,894
Pork,2020,1,7,947
Pork,2020,1,8,861
Pork,2020,1,9,853
Pork,2020,1,10,889
Pork,2020,1,11,845
Pork,2020,1,12,939
Pork,2020,1,13,908
Pork,2020,1,14,1023
Pork,2020,1,15,973
Pork,2020,1,16,936
Pork,2020,1,17,890
Pork,2020,1,18,832
Pork,2020,1,19,939
Pork,2020,1,20,959
Pork,2020,1,21,967
Pork,2020,1,22,975
Pork,2020,1,23,918
Pork,2020,1,24,891
Pork,2020,1,25,837
Pork,2020,1,26,912
Pork,2020,1,27,1009
Pork,2020,1,28,942
Pork,2020,1,29,1120
Pork,2020,1,30,921
Pork,2020,1,31,870
Pork,2020,2,1,918
Pork,2020,2,2,967
Pork,2020,2,3,932
Pork,2020,2,4,1010
Pork,2020,2,5,1125
Pork,2020,2,6,977
Pork,2020,2,7,835
Pork,2020,2,8,806
Pork,2020,2,9,965
Pork,2020,2,10,910
Pork,2020,2,11,883
Pork,2020,2,12,884
Pork,2020,2,13,901
Pork,2020,2,14,834
Pork,2020,2,15,762
Pork,2020,2,16,884
Pork,2020,2,17,944
Pork,2020,2,18,905
Pork,2020,2,19,894
Pork,2020,2,20,835
Pork,2020,2,21,882
Pork,2020,2,22,823
Pork,2020,2,23,860
Pork,2020,2,24,942
Pork,2020,2,25,926
Quinoa,2019,12,28,2047
Quinoa,2019,12,29,2755
Quinoa,2019,12,30,2656
Quinoa,2019,12,31,2425
Quinoa,2020,1,1,2630
Quinoa,2020,1,2,3336
Quinoa,2020,1,3,3343
Quinoa,2020,1,4,3471
Quinoa,2020,1,5,3672
Quinoa,2020,1,6,3854
Quinoa,2020,1,7,3894
Quinoa,2020,1,8,3841
Quinoa,2020,1,9,3777
Quinoa,2020,1,10,3593
Quinoa,2020,1,11,3661
Quinoa,2020,1,12,3714
Quinoa,2020,1,13,4061
Quinoa,2020,1,14,3951
Quinoa,2020,1,15,3705
Quinoa,2020,1,16,3711
Quinoa,2020,1,17,3601
Quinoa,2020,1,18,3506
Quinoa,2020,1,19,3593
Quinoa,2020,1,20,3758
Quinoa,2020,1,21,4105
Quinoa,2020,1,22,3832
Quinoa,2020,1,23,3544
Quinoa,2020,1,24,3358
Quinoa,2020,1,25,3275
Quinoa,2020,1,26,3524
Quinoa,2020,1,27,3659
Quinoa,2020,1,28,3678
Quinoa,2020,1,29,3655
Quinoa,2020,1,30,3496
Quinoa,2020,1,31,3104
Quinoa,2020,2,1,3050
Quinoa,2020,2,2,3210
Quinoa,2020,2,3,3028
Quinoa,2020,2,4,3439
Quinoa,2020,2,5,3381
Quinoa,2020,2,6,3442
Quinoa,2020,2,7,3213
Quinoa,2020,2,8,3317
Quinoa,2020,2,9,3731
Quinoa,2020,2,10,3951
Quinoa,2020,2,11,3666
Quinoa,2020,2,12,3470
Quinoa,2020,2,13,3404
Quinoa,2020,2,14,2955
Quinoa,2020,2,15,3005
Quinoa,2020,2,16,3421
Quinoa,2020,2,17,3655
Quinoa,2020,2,18,3613
Quinoa,2020,2,19,3581
Quinoa,2020,2,20,3419
Quinoa,2020,2,21,3179
Quinoa,2020,2,22,3990
Quinoa,2020,2,23,3531
Quinoa,2020,2,24,3618
Quinoa,2020,2,25,3564
Brown Rice,2019,12,28,520
Brown Rice,2019,12,29,504
Brown Rice,2019,12,30,502
Brown Rice,2019,12,31,447
Brown Rice,2020,1,1,501
Brown Rice,2020,1,2,638
Brown Rice,2020,1,3,630
Brown Rice,2020,1,4,635
Brown Rice,2020,1,5,710
Brown Rice,2020,1,6,691
Brown Rice,2020,1,7,731
Brown Rice,2020,1,8,718
Brown Rice,2020,1,9,667
Brown Rice,2020,1,10,679
Brown Rice,2020,1,11,641
Brown Rice,2020,1,12,735
Brown Rice,2020,1,13,717
Brown Rice,2020,1,14,689
Brown Rice,2020,1,15,651
Brown Rice,2020,1,16,722
Brown Rice,2020,1,17,604
Brown Rice,2020,1,18,624
Brown Rice,2020,1,19,628
Brown Rice,2020,1,20,720
Brown Rice,2020,1,21,694
Brown Rice,2020,1,22,721
Brown Rice,2020,1,23,674
Brown Rice,2020,1,24,640
Brown Rice,2020,1,25,613
Brown Rice,2020,1,26,667
Brown Rice,2020,1,27,737
Brown Rice,2020,1,28,709
Brown Rice,2020,1,29,694
Brown Rice,2020,1,30,698
Brown Rice,2020,1,31,636
Brown Rice,2020,2,1,604
Brown Rice,2020,2,2,634
Brown Rice,2020,2,3,645
Brown Rice,2020,2,4,657
Brown Rice,2020,2,5,654
Brown Rice,2020,2,6,656
Brown Rice,2020,2,7,621
Brown Rice,2020,2,8,577
Brown Rice,2020,2,9,649
Brown Rice,2020,2,10,618
Brown Rice,2020,2,11,648
Brown Rice,2020,2,12,644
Brown Rice,2020,2,13,655
Brown Rice,2020,2,14,526
Brown Rice,2020,2,15,532
Brown Rice,2020,2,16,666
Brown Rice,2020,2,17,632
Brown Rice,2020,2,18,689
Brown Rice,2020,2,19,686
Brown Rice,2020,2,20,668
Brown Rice,2020,2,21,532
Brown Rice,2020,2,22,607
Brown Rice,2020,2,23,614
Brown Rice,2020,2,24,666
Brown Rice,2020,2,25,715
Salmon,2019,12,28,1405
Salmon,2019,12,29,1459
Salmon,2019,12,30,1438
Salmon,2019,12,31,1277
Salmon,2020,1,1,1425
Salmon,2020,1,2,1502
Salmon,2020,1,3,1478
Salmon,2020,1,4,1417
Salmon,2020,1,5,1593
Salmon,2020,1,6,1586
Salmon,2020,1,7,1507
Salmon,2020,1,8,1414
Salmon,2020,1,9,1541
Salmon,2020,1,10,1473
Salmon,2020,1,11,1552
Salmon,2020,1,12,1584
Salmon,2020,1,13,1625
Salmon,2020,1,14,1651
Salmon,2020,1,15,1573
Salmon,2020,1,16,1557
Salmon,2020,1,17,1489
Salmon,2020,1,18,1470
Salmon,2020,1,19,1641
Salmon,2020,1,20,1599
Salmon,2020,1,21,1710
Salmon,2020,1,22,1656
Salmon,2020,1,23,1594
Salmon,2020,1,24,1483
Salmon,2020,1,25,1551
Salmon,2020,1,26,1574
Salmon,2020,1,27,1566
Salmon,2020,1,28,1615
Salmon,2020,1,29,1685
Salmon,2020,1,30,1587
Salmon,2020,1,31,1544
Salmon,2020,2,1,1369
Salmon,2020,2,2,1502
Salmon,2020,2,3,1462
Salmon,2020,2,4,1485
Salmon,2020,2,5,1558
Salmon,2020,2,6,1566
Salmon,2020,2,7,1572
Salmon,2020,2,8,1429
Salmon,2020,2,9,1503
Salmon,2020,2,10,1662
Salmon,2020,2,11,1455
Salmon,2020,2,12,1477
Salmon,2020,2,13,1553
Salmon,2020,2,14,1518
Salmon,2020,2,15,1426
Salmon,2020,2,16,1508
Salmon,2020,2,17,1591
Salmon,2020,2,18,1647
Salmon,2020,2,19,1691
Salmon,2020,2,20,1734
Salmon,2020,2,21,1489
Salmon,2020,2,22,1369
Salmon,2020,2,23,1521
Salmon,2020,2,24,1526
Salmon,2020,2,25,1629
Scallop,2019,12,28,2133
Scallop,2019,12,29,2147
Scallop,2019,12,30,2255
Scallop,2019,12,31,2443
Scallop,2020,1,1,3056
Scallop,2020,1,2,2292
Scallop,2020,1,3,2088
Scallop,2020,1,4,2609
Scallop,2020,1,5,2557
Scallop,2020,1,6,1931
Scallop,2020,1,7,1752
Scallop,2020,1,8,1821
Scallop,2020,1,9,1788
Scallop,2020,1,10,1882
Scallop,2020,1,11,2448
Scallop,2020,1,12,2342
Scallop,2020,1,13,1826
Scallop,2020,1,14,1604
Scallop,2020,1,15,1786
Scallop,2020,1,16,1828
Scallop,2020,1,17,1695
Scallop,2020,1,18,2256
Scallop,2020,1,19,2218
Scallop,2020,1,20,1960
Scallop,2020,1,21,1686
Scallop,2020,1,22,1687
Scallop,2020,1,23,1688
Scallop,2020,1,24,1724
Scallop,2020,1,25,2191
Scallop,2020,1,26,2191
Scallop,2020,1,27,1776
Scallop,2020,1,28,1530
Scallop,2020,1,29,1651
Scallop,2020,1,30,1615
Scallop,2020,1,31,1603
Scallop,2020,2,1,1628
Scallop,2020,2,2,1668
Scallop,2020,2,3,1462
Scallop,2020,2,4,1480
Scallop,2020,2,5,1416
Scallop,2020,2,6,1444
Scallop,2020,2,7,1624
Scallop,2020,2,8,1676
Scallop,2020,2,9,1844
Scallop,2020,2,10,1726
Scallop,2020,2,11,1715
Scallop,2020,2,12,1520
Scallop,2020,2,13,1429
Scallop,2020,2,14,1918
Scallop,2020,2,15,2455
Scallop,2020,2,16,3243
Scallop,2020,2,17,2137
Scallop,2020,2,18,1712
Scallop,2020,2,19,1633
Scallop,2020,2,20,1476
Scallop,2020,2,21,1546
Scallop,2020,2,22,1893
Scallop,2020,2,23,1761
Scallop,2020,2,24,1638
Scallop,2020,2,25,1437
Shrimp,2019,12,28,1094
Shrimp,2019,12,29,1155
Shrimp,2019,12,30,1151
Shrimp,2019,12,31,1158
Shrimp,2020,1,1,1292
Shrimp,2020,1,2,1169
Shrimp,2020,1,3,1185
Shrimp,2020,1,4,1119
Shrimp,2020,1,5,1238
Shrimp,2020,1,6,1137
Shrimp,2020,1,7,1137
Shrimp,2020,1,8,1067
Shrimp,2020,1,9,1322
Shrimp,2020,1,10,1138
Shrimp,2020,1,11,1109
Shrimp,2020,1,12,1220
Shrimp,2020,1,13,1178
Shrimp,2020,1,14,1244
Shrimp,2020,1,15,1235
Shrimp,2020,1,16,1196
Shrimp,2020,1,17,1180
Shrimp,2020,1,18,1123
Shrimp,2020,1,19,1194
Shrimp,2020,1,20,1256
Shrimp,2020,1,21,1239
Shrimp,2020,1,22,1203
Shrimp,2020,1,23,1259
Shrimp,2020,1,24,1148
Shrimp,2020,1,25,1304
Shrimp,2020,1,26,1215
Shrimp,2020,1,27,1214
Shrimp,2020,1,28,1265
Shrimp,2020,1,29,1244
Shrimp,2020,1,30,1222
Shrimp,2020,1,31,1292
Shrimp,2020,2,1,1115
Shrimp,2020,2,2,1314
Shrimp,2020,2,3,1166
Shrimp,2020,2,4,1284
Shrimp,2020,2,5,1372
Shrimp,2020,2,6,1212
Shrimp,2020,2,7,1556
Shrimp,2020,2,8,1250
Shrimp,2020,2,9,1225
Shrimp,2020,2,10,1373
Shrimp,2020,2,11,1310
Shrimp,2020,2,12,1227
Shrimp,2020,2,13,1263
Shrimp,2020,2,14,1138
Shrimp,2020,2,15,1168
Shrimp,2020,2,16,1232
Shrimp,2020,2,17,1214
Shrimp,2020,2,18,1203
Shrimp,2020,2,19,1265
Shrimp,2020,2,20,1204
Shrimp,2020,2,21,1134
Shrimp,2020,2,22,1107
Shrimp,2020,2,23,1221
Shrimp,2020,2,24,1253
Shrimp,2020,2,25,1186
Sour Cream,2019,12,28,451
Sour Cream,2019,12,29,536
Sour Cream,2019,12,30,519
Sour Cream,2019,12,31,532
Sour Cream,2020,1,1,437
Sour Cream,2020,1,2,509
Sour Cream,2020,1,3,510
Sour Cream,2020,1,4,532
Sour Cream,2020,1,5,481
Sour Cream,2020,1,6,481
Sour Cream,2020,1,7,434
Sour Cream,2020,1,8,441
Sour Cream,2020,1,9,566
Sour Cream,2020,1,10,496
Sour Cream,2020,1,11,502
Sour Cream,2020,1,12,496
Sour Cream,2020,1,13,477
Sour Cream,2020,1,14,498
Sour Cream,2020,1,15,480
Sour Cream,2020,1,16,441
Sour Cream,2020,1,17,476
Sour Cream,2020,1,18,567
Sour Cream,2020,1,19,514
Sour Cream,2020,1,20,598
Sour Cream,2020,1,21,715
Sour Cream,2020,1,22,631
Sour Cream,2020,1,23,578
Sour Cream,2020,1,24,631
Sour Cream,2020,1,25,602
Sour Cream,2020,1,26,630
Sour Cream,2020,1,27,648
Sour Cream,2020,1,28,551
Sour Cream,2020,1,29,635
Sour Cream,2020,1,30,582
Sour Cream,2020,1,31,638
Sour Cream,2020,2,1,672
Sour Cream,2020,2,2,686
Sour Cream,2020,2,3,561
Sour Cream,2020,2,4,588
Sour Cream,2020,2,5,590
Sour Cream,2020,2,6,584
Sour Cream,2020,2,7,580
Sour Cream,2020,2,8,609
Sour Cream,2020,2,9,611
Sour Cream,2020,2,10,595
Sour Cream,2020,2,11,579
Sour Cream,2020,2,12,591
Sour Cream,2020,2,13,582
Sour Cream,2020,2,14,526
Sour Cream,2020,2,15,619
Sour Cream,2020,2,16,640
Sour Cream,2020,2,17,584
Sour Cream,2020,2,18,599
Sour Cream,2020,2,19,595
Sour Cream,2020,2,20,610
Sour Cream,2020,2,21,575
Sour Cream,2020,2,22,658
Sour Cream,2020,2,23,634
Sour Cream,2020,2,24,560
Sour Cream,2020,2,25,559
Strawberry,2019,12,28,13574
Strawberry,2019,12,29,10734
Strawberry,2019,12,30,10533
Strawberry,2019,12,31,12239
Strawberry,2020,1,1,15072
Strawberry,2020,1,2,14784
Strawberry,2020,1,3,17347
Strawberry,2020,1,4,16441
Strawberry,2020,1,5,10590
Strawberry,2020,1,6,12813
Strawberry,2020,1,7,13276
Strawberry,2020,1,8,13870
Strawberry,2020,1,9,13614
Strawberry,2020,1,10,12861
Strawberry,2020,1,11,13204
Strawberry,2020,1,12,10720
Strawberry,2020,1,13,10660
Strawberry,2020,1,14,14091
Strawberry,2020,1,15,13906
Strawberry,2020,1,16,12562
Strawberry,2020,1,17,12176
Strawberry,2020,1,18,15835
Strawberry,2020,1,19,14573
Strawberry,2020,1,20,13230
Strawberry,2020,1,21,13068
Strawberry,2020,1,22,14927
Strawberry,2020,1,23,14750
Strawberry,2020,1,24,15902
Strawberry,2020,1,25,15630
Strawberry,2020,1,26,17942
Strawberry,2020,1,27,12818
Strawberry,2020,1,28,16686
Strawberry,2020,1,29,13740
Strawberry,2020,1,30,14514
Strawberry,2020,1,31,13104
Strawberry,2020,2,1,16177
Strawberry,2020,2,2,14592
Strawberry,2020,2,3,14877
Strawberry,2020,2,4,14346
Strawberry,2020,2,5,12908
Strawberry,2020,2,6,15918
Strawberry,2020,2,7,13950
Strawberry,2020,2,8,12355
Strawberry,2020,2,9,11675
Strawberry,2020,2,10,16115
Strawberry,2020,2,11,18808
Strawberry,2020,2,12,20607
Strawberry,2020,2,13,18219
Strawberry,2020,2,14,20207
Strawberry,2020,2,15,18071
Strawberry,2020,2,16,17089
Strawberry,2020,2,17,14843
Strawberry,2020,2,18,16974
Strawberry,2020,2,19,17307
Strawberry,2020,2,20,14201
Strawberry,2020,2,21,15638
Strawberry,2020,2,22,16359
Strawberry,2020,2,23,15189
Strawberry,2020,2,24,14546
Strawberry,2020,2,25,13641
Sweet Potato,2019,12,28,1568
Sweet Potato,2019,12,29,1582
Sweet Potato,2019,12,30,1598
Sweet Potato,2019,12,31,1504
Sweet Potato,2020,1,1,1466
Sweet Potato,2020,1,2,1766
Sweet Potato,2020,1,3,1647
Sweet Potato,2020,1,4,1741
Sweet Potato,2020,1,5,1878
Sweet Potato,2020,1,6,1788
Sweet Potato,2020,1,7,1880
Sweet Potato,2020,1,8,1846
Sweet Potato,2020,1,9,1877
Sweet Potato,2020,1,10,1798
Sweet Potato,2020,1,11,1704
Sweet Potato,2020,1,12,2106
Sweet Potato,2020,1,13,2153
Sweet Potato,2020,1,14,2091
Sweet Potato,2020,1,15,1926
Sweet Potato,2020,1,16,1924
Sweet Potato,2020,1,17,1798
Sweet Potato,2020,1,18,1779
Sweet Potato,2020,1,19,2011
Sweet Potato,2020,1,20,2081
Sweet Potato,2020,1,21,1982
Sweet Potato,2020,1,22,1904
Sweet Potato,2020,1,23,1820
Sweet Potato,2020,1,24,1779
Sweet Potato,2020,1,25,1813
Sweet Potato,2020,1,26,1891
Sweet Potato,2020,1,27,1948
Sweet Potato,2020,1,28,1924
Sweet Potato,2020,1,29,1913
Sweet Potato,2020,1,30,1789
Sweet Potato,2020,1,31,1634
Sweet Potato,2020,2,1,1633
Sweet Potato,2020,2,2,1787
Sweet Potato,2020,2,3,1729
Sweet Potato,2020,2,4,1753
Sweet Potato,2020,2,5,1752
Sweet Potato,2020,2,6,2140
Sweet Potato,2020,2,7,1662
Sweet Potato,2020,2,8,1848
Sweet Potato,2020,2,9,2051
Sweet Potato,2020,2,10,1905
Sweet Potato,2020,2,11,1961
Sweet Potato,2020,2,12,1881
Sweet Potato,2020,2,13,1862
Sweet Potato,2020,2,14,1537
Sweet Potato,2020,2,15,1729
Sweet Potato,2020,2,16,1958
Sweet Potato,2020,2,17,1951
Sweet Potato,2020,2,18,2028
Sweet Potato,2020,2,19,1992
Sweet Potato,2020,2,20,1788
Sweet Potato,2020,2,21,2144
Sweet Potato,2020,2,22,1869
Sweet Potato,2020,2,23,1969
Sweet Potato,2020,2,24,1958
Sweet Potato,2020,2,25,1880
Swordfish,2019,12,28,782
Swordfish,2019,12,29,912
Swordfish,2019,12,30,796
Swordfish,2019,12,31,1165
Swordfish,2020,1,1,729
Swordfish,2020,1,2,761
Swordfish,2020,1,3,741
Swordfish,2020,1,4,788
Swordfish,2020,1,5,809
Swordfish,2020,1,6,879
Swordfish,2020,1,7,884
Swordfish,2020,1,8,852
Swordfish,2020,1,9,784
Swordfish,2020,1,10,848
Swordfish,2020,1,11,858
Swordfish,2020,1,12,961
Swordfish,2020,1,13,861
Swordfish,2020,1,14,838
Swordfish,2020,1,15,868
Swordfish,2020,1,16,833
Swordfish,2020,1,17,882
Swordfish,2020,1,18,819
Swordfish,2020,1,19,863
Swordfish,2020,1,20,886
Swordfish,2020,1,21,998
Swordfish,2020,1,22,905
Swordfish,2020,1,23,938
Swordfish,2020,1,24,916
Swordfish,2020,1,25,845
Swordfish,2020,1,26,822
Swordfish,2020,1,27,1063
Swordfish,2020,1,28,937
Swordfish,2020,1,29,998
Swordfish,2020,1,30,851
Swordfish,2020,1,31,877
Swordfish,2020,2,1,744
Swordfish,2020,2,2,768
Swordfish,2020,2,3,680
Swordfish,2020,2,4,759
Swordfish,2020,2,5,781
Swordfish,2020,2,6,787
Swordfish,2020,2,7,760
Swordfish,2020,2,8,747
Swordfish,2020,2,9,877
Swordfish,2020,2,10,766
Swordfish,2020,2,11,761
Swordfish,2020,2,12,767
Swordfish,2020,2,13,856
Swordfish,2020,2,14,740
Swordfish,2020,2,15,750
Swordfish,2020,2,16,751
Swordfish,2020,2,17,798
Swordfish,2020,2,18,822
Swordfish,2020,2,19,888
Swordfish,2020,2,20,854
Swordfish,2020,2,21,847
Swordfish,2020,2,22,779
Swordfish,2020,2,23,792
Swordfish,2020,2,24,784
Swordfish,2020,2,25,762
Tangerine,2019,12,28,874
Tangerine,2019,12,29,850
Tangerine,2019,12,30,805
Tangerine,2019,12,31,874
Tangerine,2020,1,1,850
Tangerine,2020,1,2,900
Tangerine,2020,1,3,883
Tangerine,2020,1,4,853
Tangerine,2020,1,5,887
Tangerine,2020,1,6,858
Tangerine,2020,1,7,962
Tangerine,2020,1,8,998
Tangerine,2020,1,9,920
Tangerine,2020,1,10,866
Tangerine,2020,1,11,861
Tangerine,2020,1,12,859
Tangerine,2020,1,13,835
Tangerine,2020,1,14,862
Tangerine,2020,1,15,901
Tangerine,2020,1,16,878
Tangerine,2020,1,17,814
Tangerine,2020,1,18,805
Tangerine,2020,1,19,872
Tangerine,2020,1,20,952
Tangerine,2020,1,21,942
Tangerine,2020,1,22,940
Tangerine,2020,1,23,904
Tangerine,2020,1,24,945
Tangerine,2020,1,25,864
Tangerine,2020,1,26,891
Tangerine,2020,1,27,899
Tangerine,2020,1,28,889
Tangerine,2020,1,29,898
Tangerine,2020,1,30,859
Tangerine,2020,1,31,768
Tangerine,2020,2,1,732
Tangerine,2020,2,2,815
Tangerine,2020,2,3,803
Tangerine,2020,2,4,850
Tangerine,2020,2,5,843
Tangerine,2020,2,6,823
Tangerine,2020,2,7,759
Tangerine,2020,2,8,766
Tangerine,2020,2,9,855
Tangerine,2020,2,10,1044
Tangerine,2020,2,11,1034
Tangerine,2020,2,12,861
Tangerine,2020,2,13,782
Tangerine,2020,2,14,738
Tangerine,2020,2,15,645
Tangerine,2020,2,16,744
Tangerine,2020,2,17,740
Tangerine,2020,2,18,751
Tangerine,2020,2,19,797
Tangerine,2020,2,20,681
Tangerine,2020,2,21,715
Tangerine,2020,2,22,720
Tangerine,2020,2,23,680
Tangerine,2020,2,24,783
Tangerine,2020,2,25,876
Tomato,2019,12,28,2043
Tomato,2019,12,29,2053
Tomato,2019,12,30,2105
Tomato,2019,12,31,2042
Tomato,2020,1,1,1944
Tomato,2020,1,2,2310
Tomato,2020,1,3,2297
Tomato,2020,1,4,2166
Tomato,2020,1,5,2433
Tomato,2020,1,6,2637
Tomato,2020,1,7,2586
Tomato,2020,1,8,2740
Tomato,2020,1,9,2710
Tomato,2020,1,10,2532
Tomato,2020,1,11,2256
Tomato,2020,1,12,2438
Tomato,2020,1,13,2667
Tomato,2020,1,14,2580
Tomato,2020,1,15,2767
Tomato,2020,1,16,2612
Tomato,2020,1,17,2690
Tomato,2020,1,18,2345
Tomato,2020,1,19,2620
Tomato,2020,1,20,2874
Tomato,2020,1,21,2828
Tomato,2020,1,22,2739
Tomato,2020,1,23,2950
Tomato,2020,1,24,2431
Tomato,2020,1,25,2278
Tomato,2020,1,26,2415
Tomato,2020,1,27,2711
Tomato,2020,1,28,2985
Tomato,2020,1,29,2814
Tomato,2020,1,30,2725
Tomato,2020,1,31,2608
Tomato,2020,2,1,2300
Tomato,2020,2,2,2652
Tomato,2020,2,3,2713
Tomato,2020,2,4,2822
Tomato,2020,2,5,2974
Tomato,2020,2,6,3014
Tomato,2020,2,7,3137
Tomato,2020,2,8,2434
Tomato,2020,2,9,3713
Tomato,2020,2,10,2878
Tomato,2020,2,11,2899
Tomato,2020,2,12,2888
Tomato,2020,2,13,2859
Tomato,2020,2,14,2493
Tomato,2020,2,15,2504
Tomato,2020,2,16,2670
Tomato,2020,2,17,2775
Tomato,2020,2,18,2972
Tomato,2020,2,19,2883
Tomato,2020,2,20,2620
Tomato,2020,2,21,2348
Tomato,2020,2,22,2369
Tomato,2020,2,23,2718
Tomato,2020,2,24,2935
Tomato,2020,2,25,2687
Tuna,2019,12,28,1242
Tuna,2019,12,29,1095
Tuna,2019,12,30,1066
Tuna,2019,12,31,950
Tuna,2020,1,1,1046
Tuna,2020,1,2,1151
Tuna,2020,1,3,1177
Tuna,2020,1,4,1109
Tuna,2020,1,5,1808
Tuna,2020,1,6,2470
Tuna,2020,1,7,2177
Tuna,2020,1,8,1407
Tuna,2020,1,9,1294
Tuna,2020,1,10,1258
Tuna,2020,1,11,1262
Tuna,2020,1,12,1304
Tuna,2020,1,13,1379
Tuna,2020,1,14,1303
Tuna,2020,1,15,1226
Tuna,2020,1,16,1199
Tuna,2020,1,17,1129
Tuna,2020,1,18,1209
Tuna,2020,1,19,1227
Tuna,2020,1,20,1228
Tuna,2020,1,21,1367
Tuna,2020,1,22,1321
Tuna,2020,1,23,1257
Tuna,2020,1,24,1164
Tuna,2020,1,25,1189
Tuna,2020,1,26,1149
Tuna,2020,1,27,1176
Tuna,2020,1,28,1233
Tuna,2020,1,29,1274
Tuna,2020,1,30,1269
Tuna,2020,1,31,1191
Tuna,2020,2,1,1076
Tuna,2020,2,2,1179
Tuna,2020,2,3,1287
Tuna,2020,2,4,1323
Tuna,2020,2,5,1384
Tuna,2020,2,6,1307
Tuna,2020,2,7,1518
Tuna,2020,2,8,1268
Tuna,2020,2,9,1432
Tuna,2020,2,10,1372
Tuna,2020,2,11,1399
Tuna,2020,2,12,1291
Tuna,2020,2,13,1327
Tuna,2020,2,14,1221
Tuna,2020,2,15,1240
Tuna,2020,2,16,1427
Tuna,2020,2,17,1395
Tuna,2020,2,18,1759
Tuna,2020,2,19,1423
Tuna,2020,2,20,1520
Tuna,2020,2,21,1263
Tuna,2020,2,22,1240
Tuna,2020,2,23,1283
Tuna,2020,2,24,1318
Tuna,2020,2,25,1372
Turkey,2019,12,28,9765
Turkey,2019,12,29,9814
Turkey,2019,12,30,9761
Turkey,2019,12,31,8937
Turkey,2020,1,1,8917
Turkey,2020,1,2,10667
Turkey,2020,1,3,12389
Turkey,2020,1,4,12124
Turkey,2020,1,5,12745
Turkey,2020,1,6,12705
Turkey,2020,1,7,12548
Turkey,2020,1,8,14902
Turkey,2020,1,9,12291
Turkey,2020,1,10,10887
Turkey,2020,1,11,10522
Turkey,2020,1,12,11101
Turkey,2020,1,13,11033
Turkey,2020,1,14,10470
Turkey,2020,1,15,12948
Turkey,2020,1,16,14044
Turkey,2020,1,17,10984
Turkey,2020,1,18,10302
Turkey,2020,1,19,10817
Turkey,2020,1,20,10410
Turkey,2020,1,21,10621
Turkey,2020,1,22,10426
Turkey,2020,1,23,10708
Turkey,2020,1,24,11350
Turkey,2020,1,25,13943
Turkey,2020,1,26,13040
Turkey,2020,1,27,12826
Turkey,2020,1,28,12177
Turkey,2020,1,29,11749
Turkey,2020,1,30,11194
Turkey,2020,1,31,10931
Turkey,2020,2,1,10477
Turkey,2020,2,2,10809
Turkey,2020,2,3,11013
Turkey,2020,2,4,13294
Turkey,2020,2,5,13613
Turkey,2020,2,6,11138
Turkey,2020,2,7,10504
Turkey,2020,2,8,10155
Turkey,2020,2,9,10632
Turkey,2020,2,10,11236
Turkey,2020,2,11,10708
Turkey,2020,2,12,10688
Turkey,2020,2,13,11459
Turkey,2020,2,14,13785
Turkey,2020,2,15,15418
Turkey,2020,2,16,12825
Turkey,2020,2,17,11890
Turkey,2020,2,18,11863
Turkey,2020,2,19,11640
Turkey,2020,2,20,12742
Turkey,2020,2,21,10369
Turkey,2020,2,22,9862
Turkey,2020,2,23,10477
Turkey,2020,2,24,10230
Turkey,2020,2,25,10193
Potato,2019,12,28,2875
Potato,2019,12,29,3101
Potato,2019,12,30,3137
Potato,2019,12,31,3098
Potato,2020,1,1,3009
Potato,2020,1,2,3299
Potato,2020,1,3,3352
Potato,2020,1,4,3274
Potato,2020,1,5,3410
Potato,2020,1,6,3594
Potato,2020,1,7,3801
Potato,2020,1,8,3662
Potato,2020,1,9,3781
Potato,2020,1,10,3532
Potato,2020,1,11,3177
Potato,2020,1,12,3584
Potato,2020,1,13,3986
Potato,2020,1,14,3981
Potato,2020,1,15,3805
Potato,2020,1,16,3890
Potato,2020,1,17,3882
Potato,2020,1,18,3194
Potato,2020,1,19,3575
Potato,2020,1,20,3687
Potato,2020,1,21,4031
Potato,2020,1,22,4053
Potato,2020,1,23,4195
Potato,2020,1,24,3609
Potato,2020,1,25,3318
Potato,2020,1,26,3310
Potato,2020,1,27,3733
Potato,2020,1,28,3814
Potato,2020,1,29,4034
Potato,2020,1,30,3822
Potato,2020,1,31,3449
Potato,2020,2,1,2805
Potato,2020,2,2,3025
Potato,2020,2,3,3207
Potato,2020,2,4,3507
Potato,2020,2,5,3554
Potato,2020,2,6,3507
Potato,2020,2,7,3420
Potato,2020,2,8,2656
Potato,2020,2,9,3247
Potato,2020,2,10,3546
Potato,2020,2,11,3872
Potato,2020,2,12,3737
Potato,2020,2,13,3517
Potato,2020,2,14,3133
Potato,2020,2,15,2794
Potato,2020,2,16,3174
Potato,2020,2,17,3171
Potato,2020,2,18,3502
Potato,2020,2,19,3497
Potato,2020,2,20,3509
Potato,2020,2,21,3361
Potato,2020,2,22,2868
Potato,2020,2,23,3188
Potato,2020,2,24,3784
Potato,2020,2,25,3707
Yogurt,2019,12,28,1202
Yogurt,2019,12,29,1268
Yogurt,2019,12,30,1389
Yogurt,2019,12,31,1128
Yogurt,2020,1,1,1123
Yogurt,2020,1,2,1341
Yogurt,2020,1,3,1362
Yogurt,2020,1,4,1400
Yogurt,2020,1,5,1431
Yogurt,2020,1,6,1479
Yogurt,2020,1,7,1649
Yogurt,2020,1,8,1706
Yogurt,2020,1,9,1527
Yogurt,2020,1,10,1446
Yogurt,2020,1,11,1445
Yogurt,2020,1,12,1598
Yogurt,2020,1,13,1602
Yogurt,2020,1,14,1600
Yogurt,2020,1,15,1579
Yogurt,2020,1,16,1630
Yogurt,2020,1,17,1566
Yogurt,2020,1,18,1474
Yogurt,2020,1,19,1612
Yogurt,2020,1,20,1762
Yogurt,2020,1,21,1725
Yogurt,2020,1,22,1771
Yogurt,2020,1,23,1798
Yogurt,2020,1,24,1474
Yogurt,2020,1,25,1442
Yogurt,2020,1,26,1614
Yogurt,2020,1,27,1695
Yogurt,2020,1,28,1737
Yogurt,2020,1,29,1658
Yogurt,2020,1,30,1668
Yogurt,2020,1,31,1496
Yogurt,2020,2,1,1408
Yogurt,2020,2,2,1472
Yogurt,2020,2,3,1612
Yogurt,2020,2,4,1693
Yogurt,2020,2,5,1752
Yogurt,2020,2,6,1632
Yogurt,2020,2,7,1454
Yogurt,2020,2,8,1365
Yogurt,2020,2,9,1606
Yogurt,2020,2,10,1792
Yogurt,2020,2,11,1757
Yogurt,2020,2,12,1848
Yogurt,2020,2,13,1708
Yogurt,2020,2,14,1523
Yogurt,2020,2,15,1511
Yogurt,2020,2,16,1674
Yogurt,2020,2,17,1773
Yogurt,2020,2,18,1649
Yogurt,2020,2,19,1653
Yogurt,2020,2,20,1635
Yogurt,2020,2,21,1505
Yogurt,2020,2,22,1471
Yogurt,2020,2,23,1623
Yogurt,2020,2,24,1620
Yogurt,2020,2,25,1734
